[Rank 0] {0: _SubPartitionedMesh(id=0,
                        etypes=['quad', 'tri'],
                        eidxs_base={'quad': array([ 1, 14, 15, 18,  0,  4, 12, 19, 21]),
                                    'tri': array([3, 1, 5])},
                        eidxs={'quad': array([ 0,  1,  3,  4, 10, 12, 14, 15, 18, 19, 21]),
                               'tri': array([1, 3, 5])},
                        conn=array([[ 1, 15,  0,  0,  1,  0,  1],
       [ 1, 18,  0,  0,  1, 14,  3],
       [ 1,  0,  0,  0,  1,  4,  3],
       [ 1,  4,  0,  0,  1, 21,  3],
       [ 1, 12,  0,  0,  1, 14,  1],
       [ 1, 19,  0,  0,  1, 21,  2],
       [ 1, 21,  0,  0,  0,  5,  0],
       [ 1,  1,  1,  0,  1, 12,  1],
       [ 1, 15,  1,  0,  1, 12,  2],
       [ 1, 18,  1,  0,  1, 19,  2],
       [ 1,  4,  1,  0,  0,  1,  2],
       [ 1, 14,  2,  0,  0,  1,  1],
       [ 1, 18,  2,  0,  0,  3,  2],
       [ 1,  4,  2,  0,  1, 12,  3],
       [ 1,  0,  3,  0,  0,  5,  1],
       [ 1, 19,  3,  0,  0,  1,  0],
       [ 0,  3,  1,  1,  0,  0,  0],
       [ 1, 14,  0,  1,  1,  6,  1],
       [ 1,  1,  3,  1,  1, 17,  1],
       [ 1,  1,  2,  1,  1,  2,  2],
       [ 1, 18,  3,  1,  1,  7,  2],
       [ 1, 15,  3,  2,  1, 10,  0],
       [ 1, 15,  2,  2,  1,  3,  2],
       [ 1,  1,  0,  2,  1,  3,  3],
       [ 1,  0,  2, -1, -1, -1,  2],
       [ 0,  5,  2, -1, -1, -1,  2],
       [ 1, 19,  1, -1, -1, -1,  3],
       [ 1, 21,  1, -1, -1, -1,  3],
       [ 0,  3,  0, -1, -1, -1,  3],
       [ 1, 10,  0,  0,  1, 15,  3],
       [ 1,  3,  2,  0,  1, 15,  2],
       [ 1,  3,  3,  0,  1,  1,  0],
       [ 1, 10,  1,  2,  1,  3,  1],
       [ 1, 10,  2,  2,  0,  7,  2],
       [ 1, 10,  3, -1, -1, -1,  2],
       [ 1,  3,  0,  2,  1, 16,  3]]),
                        spts={'quad': array([[[0.62359953, 0.22794287],
        [0.68074413, 0.41970635],
        [0.49541325, 0.31519935],
        [0.49592129, 0.49379152]],

       [[0.38534186, 0.6857371 ],
        [0.49592129, 0.49379152],
        [0.52285327, 0.80110305],
        [0.63002644, 0.6375102 ]],

       [[1.        , 0.5       ],
        [0.7818017 , 0.58014363],
        [0.83472002, 0.36749615],
        [0.68074413, 0.41970635]],

       [[0.38534186, 0.6857371 ],
        [0.52285327, 0.80110305],
        [0.32888457, 0.85398126],
        [0.5       , 1.        ]],

       [[0.83782797, 0.76479963],
        [0.7818017 , 0.58014363],
        [1.        , 0.75      ],
        [1.        , 0.5       ]],

       [[0.83782797, 0.76479963],
        [0.71431293, 0.82270356],
        [0.7818017 , 0.58014363],
        [0.63002644, 0.6375102 ]],

       [[0.63002644, 0.6375102 ],
        [0.49592129, 0.49379152],
        [0.7818017 , 0.58014363],
        [0.68074413, 0.41970635]],

       [[0.71431293, 0.82270356],
        [0.75      , 1.        ],
        [0.52285327, 0.80110305],
        [0.5       , 1.        ]],

       [[0.83782797, 0.76479963],
        [1.        , 1.        ],
        [0.71431293, 0.82270356],
        [0.75      , 1.        ]],

       [[0.62359953, 0.22794287],
        [0.82341592, 0.18278211],
        [0.68074413, 0.41970635],
        [0.83472002, 0.36749615]],

       [[1.        , 0.5       ],
        [0.83472002, 0.36749615],
        [1.        , 0.25      ],
        [0.82341592, 0.18278211]],

       [[0.62359953, 0.22794287],
        [0.82341592, 0.18278211],
        [0.68074413, 0.41970635],
        [0.83472002, 0.36749615]],

       [[1.        , 0.5       ],
        [0.83472002, 0.36749615],
        [1.        , 0.25      ],
        [0.82341592, 0.18278211]]]),
                              'tri': array([[[0.5       , 1.        ],
        [0.25      , 1.        ],
        [0.32888457, 0.85398126]],

       [[0.71431293, 0.82270356],
        [0.52285327, 0.80110305],
        [0.63002644, 0.6375102 ]],

       [[1.        , 1.        ],
        [0.83782797, 0.76479963],
        [1.        , 0.75      ]]])},
                        spts_nodes={'quad': array([[26, 29, 27, 31],
       [24, 31, 23, 32],
       [10, 28, 30, 29],
       [24, 23, 25, 14],
       [18, 28, 11, 10],
       [18, 19, 28, 32],
       [32, 31, 28, 29],
       [19, 13, 23, 14],
       [18, 12, 19, 13],
       [26, 16, 29, 30],
       [10, 30,  9, 16],
       [26, 16, 29, 30],
       [10, 30,  9, 16]]),
                                    'tri': array([[14, 15, 25],
       [19, 23, 32],
       [12, 18, 11]])},
                        spts_curved={'quad': array([False, False, False, False, False, False, False, False, False,
       False, False, False, False]),
                                     'tri': array([False, False, False])})}
[Rank 0] {0: _SubPartitionedMesh(id=0,
                        etypes=['quad', 'tri'],
                        eidxs_base={'quad': array([ 0, 12, 14, 18,  4, 19, 21]),
                                    'tri': array([3, 1, 5])},
                        eidxs={'quad': array([ 0,  1,  4, 12, 14, 15, 18, 19, 21]),
                               'tri': array([1, 3, 5])},
                        conn=array([[ 1,  0,  0,  0,  1,  4,  3],
       [ 1, 12,  0,  0,  1, 14,  1],
       [ 1, 18,  0,  0,  1, 14,  3],
       [ 1,  4,  0,  0,  1, 21,  3],
       [ 1, 19,  0,  0,  1, 21,  2],
       [ 1, 21,  0,  0,  0,  5,  0],
       [ 1, 18,  1,  0,  1, 19,  2],
       [ 1,  4,  1,  0,  0,  1,  2],
       [ 1, 14,  2,  0,  0,  1,  1],
       [ 1, 18,  2,  0,  0,  3,  2],
       [ 1,  4,  2,  0,  1, 12,  3],
       [ 1,  0,  3,  0,  0,  5,  1],
       [ 1, 19,  3,  0,  0,  1,  0],
       [ 0,  3,  1,  1,  0,  0,  0],
       [ 1, 14,  0,  1,  1,  6,  1],
       [ 1, 18,  3,  1,  1,  7,  2],
       [ 1,  0,  1,  2,  1, 15,  0],
       [ 1, 12,  1,  2,  1,  1,  1],
       [ 1, 12,  2,  2,  1, 15,  1],
       [ 1,  0,  2, -1, -1, -1,  2],
       [ 0,  5,  2, -1, -1, -1,  2],
       [ 1, 19,  1, -1, -1, -1,  3],
       [ 1, 21,  1, -1, -1, -1,  3],
       [ 0,  3,  0, -1, -1, -1,  3],
       [ 1, 15,  0,  0,  1,  0,  1],
       [ 1,  1,  1,  0,  1, 12,  1],
       [ 1, 15,  1,  0,  1, 12,  2],
       [ 1, 15,  3,  2,  1, 10,  0],
       [ 1,  1,  0,  2,  1,  3,  3],
       [ 1, 15,  2,  2,  1,  3,  2],
       [ 1,  1,  2,  2,  1,  2,  2],
       [ 1,  1,  3,  2,  1, 17,  1]]),
                        spts={'quad': array([[[0.83782797, 0.76479963],
        [0.7818017 , 0.58014363],
        [1.        , 0.75      ],
        [1.        , 0.5       ]],

       [[0.63002644, 0.6375102 ],
        [0.49592129, 0.49379152],
        [0.7818017 , 0.58014363],
        [0.68074413, 0.41970635]],

       [[0.38534186, 0.6857371 ],
        [0.49592129, 0.49379152],
        [0.52285327, 0.80110305],
        [0.63002644, 0.6375102 ]],

       [[0.38534186, 0.6857371 ],
        [0.52285327, 0.80110305],
        [0.32888457, 0.85398126],
        [0.5       , 1.        ]],

       [[0.83782797, 0.76479963],
        [0.71431293, 0.82270356],
        [0.7818017 , 0.58014363],
        [0.63002644, 0.6375102 ]],

       [[0.71431293, 0.82270356],
        [0.75      , 1.        ],
        [0.52285327, 0.80110305],
        [0.5       , 1.        ]],

       [[0.83782797, 0.76479963],
        [1.        , 1.        ],
        [0.71431293, 0.82270356],
        [0.75      , 1.        ]],

       [[0.62359953, 0.22794287],
        [0.68074413, 0.41970635],
        [0.49541325, 0.31519935],
        [0.49592129, 0.49379152]],

       [[1.        , 0.5       ],
        [0.7818017 , 0.58014363],
        [0.83472002, 0.36749615],
        [0.68074413, 0.41970635]],

       [[0.62359953, 0.22794287],
        [0.68074413, 0.41970635],
        [0.49541325, 0.31519935],
        [0.49592129, 0.49379152]],

       [[1.        , 0.5       ],
        [0.7818017 , 0.58014363],
        [0.83472002, 0.36749615],
        [0.68074413, 0.41970635]]]),
                              'tri': array([[[0.5       , 1.        ],
        [0.25      , 1.        ],
        [0.32888457, 0.85398126]],

       [[0.71431293, 0.82270356],
        [0.52285327, 0.80110305],
        [0.63002644, 0.6375102 ]],

       [[1.        , 1.        ],
        [0.83782797, 0.76479963],
        [1.        , 0.75      ]]])},
                        spts_nodes={'quad': array([[18, 28, 11, 10],
       [32, 31, 28, 29],
       [24, 31, 23, 32],
       [24, 23, 25, 14],
       [18, 19, 28, 32],
       [19, 13, 23, 14],
       [18, 12, 19, 13],
       [26, 29, 27, 31],
       [10, 28, 30, 29],
       [26, 29, 27, 31],
       [10, 28, 30, 29]]),
                                    'tri': array([[14, 15, 25],
       [19, 23, 32],
       [12, 18, 11]])},
                        spts_curved={'quad': array([False, False, False, False, False, False, False, False, False,
       False, False]),
                                     'tri': array([False, False, False])})}
[Rank 0] {0: _SubPartitionedMesh(id=0,
                        etypes=['quad', 'tri'],
                        eidxs_base={'quad': array([ 1, 14, 15, 18,  0,  4, 12, 19, 21]),
                                    'tri': array([3, 1, 5])},
                        eidxs={'quad': array([ 0,  1,  3,  4, 10, 12, 14, 15, 18, 19, 21]),
                               'tri': array([1, 3, 5])},
                        conn=array([[ 1, 15,  0,  0,  1,  0,  1],
       [ 1, 18,  0,  0,  1, 14,  3],
       [ 1,  0,  0,  0,  1,  4,  3],
       [ 1,  4,  0,  0,  1, 21,  3],
       [ 1, 12,  0,  0,  1, 14,  1],
       [ 1, 19,  0,  0,  1, 21,  2],
       [ 1, 21,  0,  0,  0,  5,  0],
       [ 1,  1,  1,  0,  1, 12,  1],
       [ 1, 15,  1,  0,  1, 12,  2],
       [ 1, 18,  1,  0,  1, 19,  2],
       [ 1,  4,  1,  0,  0,  1,  2],
       [ 1, 14,  2,  0,  0,  1,  1],
       [ 1, 18,  2,  0,  0,  3,  2],
       [ 1,  4,  2,  0,  1, 12,  3],
       [ 1,  0,  3,  0,  0,  5,  1],
       [ 1, 19,  3,  0,  0,  1,  0],
       [ 0,  3,  1,  1,  0,  0,  0],
       [ 1, 14,  0,  1,  1,  6,  1],
       [ 1,  1,  3,  1,  1, 17,  1],
       [ 1,  1,  2,  1,  1,  2,  2],
       [ 1, 18,  3,  1,  1,  7,  2],
       [ 1, 15,  3,  2,  1, 10,  0],
       [ 1, 15,  2,  2,  1,  3,  2],
       [ 1,  1,  0,  2,  1,  3,  3],
       [ 1,  0,  2, -1, -1, -1,  2],
       [ 0,  5,  2, -1, -1, -1,  2],
       [ 1, 19,  1, -1, -1, -1,  3],
       [ 1, 21,  1, -1, -1, -1,  3],
       [ 0,  3,  0, -1, -1, -1,  3],
       [ 1, 10,  0,  0,  1, 15,  3],
       [ 1,  3,  2,  0,  1, 15,  2],
       [ 1,  3,  3,  0,  1,  1,  0],
       [ 1, 10,  1,  2,  1,  3,  1],
       [ 1, 10,  2,  2,  0,  7,  2],
       [ 1, 10,  3, -1, -1, -1,  2],
       [ 1,  3,  0,  2,  1, 16,  3]]),
                        spts={'quad': array([[[0.62359953, 0.22794287],
        [0.68074413, 0.41970635],
        [0.49541325, 0.31519935],
        [0.49592129, 0.49379152]],

       [[0.38534186, 0.6857371 ],
        [0.49592129, 0.49379152],
        [0.52285327, 0.80110305],
        [0.63002644, 0.6375102 ]],

       [[1.        , 0.5       ],
        [0.7818017 , 0.58014363],
        [0.83472002, 0.36749615],
        [0.68074413, 0.41970635]],

       [[0.38534186, 0.6857371 ],
        [0.52285327, 0.80110305],
        [0.32888457, 0.85398126],
        [0.5       , 1.        ]],

       [[0.83782797, 0.76479963],
        [0.7818017 , 0.58014363],
        [1.        , 0.75      ],
        [1.        , 0.5       ]],

       [[0.83782797, 0.76479963],
        [0.71431293, 0.82270356],
        [0.7818017 , 0.58014363],
        [0.63002644, 0.6375102 ]],

       [[0.63002644, 0.6375102 ],
        [0.49592129, 0.49379152],
        [0.7818017 , 0.58014363],
        [0.68074413, 0.41970635]],

       [[0.71431293, 0.82270356],
        [0.75      , 1.        ],
        [0.52285327, 0.80110305],
        [0.5       , 1.        ]],

       [[0.83782797, 0.76479963],
        [1.        , 1.        ],
        [0.71431293, 0.82270356],
        [0.75      , 1.        ]],

       [[0.62359953, 0.22794287],
        [0.82341592, 0.18278211],
        [0.68074413, 0.41970635],
        [0.83472002, 0.36749615]],

       [[1.        , 0.5       ],
        [0.83472002, 0.36749615],
        [1.        , 0.25      ],
        [0.82341592, 0.18278211]],

       [[0.62359953, 0.22794287],
        [0.82341592, 0.18278211],
        [0.68074413, 0.41970635],
        [0.83472002, 0.36749615]],

       [[1.        , 0.5       ],
        [0.83472002, 0.36749615],
        [1.        , 0.25      ],
        [0.82341592, 0.18278211]]]),
                              'tri': array([[[0.5       , 1.        ],
        [0.25      , 1.        ],
        [0.32888457, 0.85398126]],

       [[0.71431293, 0.82270356],
        [0.52285327, 0.80110305],
        [0.63002644, 0.6375102 ]],

       [[1.        , 1.        ],
        [0.83782797, 0.76479963],
        [1.        , 0.75      ]]])},
                        spts_nodes={'quad': array([[26, 29, 27, 31],
       [24, 31, 23, 32],
       [10, 28, 30, 29],
       [24, 23, 25, 14],
       [18, 28, 11, 10],
       [18, 19, 28, 32],
       [32, 31, 28, 29],
       [19, 13, 23, 14],
       [18, 12, 19, 13],
       [26, 16, 29, 30],
       [10, 30,  9, 16],
       [26, 16, 29, 30],
       [10, 30,  9, 16]]),
                                    'tri': array([[14, 15, 25],
       [19, 23, 32],
       [12, 18, 11]])},
                        spts_curved={'quad': array([False, False, False, False, False, False, False, False, False,
       False, False, False, False]),
                                     'tri': array([False, False, False])})}
[Rank 0] {0: _SubPartitionedMesh(id=0,
                        etypes=['quad', 'tri'],
                        eidxs_base={'quad': array([ 1, 14, 15, 18,  0,  4, 12, 19, 21]),
                                    'tri': array([3, 1, 5])},
                        eidxs={'quad': array([ 0,  1,  3,  4, 10, 12, 14, 15, 18, 19, 21]),
                               'tri': array([1, 3, 5])},
                        conn=array([[ 1, 15,  0,  0,  1,  0,  1],
       [ 1, 18,  0,  0,  1, 14,  3],
       [ 1,  0,  0,  0,  1,  4,  3],
       [ 1,  4,  0,  0,  1, 21,  3],
       [ 1, 12,  0,  0,  1, 14,  1],
       [ 1, 19,  0,  0,  1, 21,  2],
       [ 1, 21,  0,  0,  0,  5,  0],
       [ 1,  1,  1,  0,  1, 12,  1],
       [ 1, 15,  1,  0,  1, 12,  2],
       [ 1, 18,  1,  0,  1, 19,  2],
       [ 1,  4,  1,  0,  0,  1,  2],
       [ 1, 14,  2,  0,  0,  1,  1],
       [ 1, 18,  2,  0,  0,  3,  2],
       [ 1,  4,  2,  0,  1, 12,  3],
       [ 1,  0,  3,  0,  0,  5,  1],
       [ 1, 19,  3,  0,  0,  1,  0],
       [ 0,  3,  1,  1,  0,  0,  0],
       [ 1, 14,  0,  1,  1,  6,  1],
       [ 1,  1,  3,  1,  1, 17,  1],
       [ 1,  1,  2,  1,  1,  2,  2],
       [ 1, 18,  3,  1,  1,  7,  2],
       [ 1, 15,  3,  2,  1, 10,  0],
       [ 1, 15,  2,  2,  1,  3,  2],
       [ 1,  1,  0,  2,  1,  3,  3],
       [ 1,  0,  2, -1, -1, -1,  2],
       [ 0,  5,  2, -1, -1, -1,  2],
       [ 1, 19,  1, -1, -1, -1,  3],
       [ 1, 21,  1, -1, -1, -1,  3],
       [ 0,  3,  0, -1, -1, -1,  3],
       [ 1, 10,  0,  0,  1, 15,  3],
       [ 1,  3,  2,  0,  1, 15,  2],
       [ 1,  3,  3,  0,  1,  1,  0],
       [ 1, 10,  1,  2,  1,  3,  1],
       [ 1, 10,  2,  2,  0,  7,  2],
       [ 1, 10,  3, -1, -1, -1,  2],
       [ 1,  3,  0,  2,  1, 16,  3]]),
                        spts={'quad': array([[[0.62359953, 0.22794287],
        [0.68074413, 0.41970635],
        [0.49541325, 0.31519935],
        [0.49592129, 0.49379152]],

       [[0.38534186, 0.6857371 ],
        [0.49592129, 0.49379152],
        [0.52285327, 0.80110305],
        [0.63002644, 0.6375102 ]],

       [[1.        , 0.5       ],
        [0.7818017 , 0.58014363],
        [0.83472002, 0.36749615],
        [0.68074413, 0.41970635]],

       [[0.38534186, 0.6857371 ],
        [0.52285327, 0.80110305],
        [0.32888457, 0.85398126],
        [0.5       , 1.        ]],

       [[0.83782797, 0.76479963],
        [0.7818017 , 0.58014363],
        [1.        , 0.75      ],
        [1.        , 0.5       ]],

       [[0.83782797, 0.76479963],
        [0.71431293, 0.82270356],
        [0.7818017 , 0.58014363],
        [0.63002644, 0.6375102 ]],

       [[0.63002644, 0.6375102 ],
        [0.49592129, 0.49379152],
        [0.7818017 , 0.58014363],
        [0.68074413, 0.41970635]],

       [[0.71431293, 0.82270356],
        [0.75      , 1.        ],
        [0.52285327, 0.80110305],
        [0.5       , 1.        ]],

       [[0.83782797, 0.76479963],
        [1.        , 1.        ],
        [0.71431293, 0.82270356],
        [0.75      , 1.        ]],

       [[0.62359953, 0.22794287],
        [0.82341592, 0.18278211],
        [0.68074413, 0.41970635],
        [0.83472002, 0.36749615]],

       [[1.        , 0.5       ],
        [0.83472002, 0.36749615],
        [1.        , 0.25      ],
        [0.82341592, 0.18278211]],

       [[0.62359953, 0.22794287],
        [0.82341592, 0.18278211],
        [0.68074413, 0.41970635],
        [0.83472002, 0.36749615]],

       [[1.        , 0.5       ],
        [0.83472002, 0.36749615],
        [1.        , 0.25      ],
        [0.82341592, 0.18278211]]]),
                              'tri': array([[[0.5       , 1.        ],
        [0.25      , 1.        ],
        [0.32888457, 0.85398126]],

       [[0.71431293, 0.82270356],
        [0.52285327, 0.80110305],
        [0.63002644, 0.6375102 ]],

       [[1.        , 1.        ],
        [0.83782797, 0.76479963],
        [1.        , 0.75      ]]])},
                        spts_nodes={'quad': array([[26, 29, 27, 31],
       [24, 31, 23, 32],
       [10, 28, 30, 29],
       [24, 23, 25, 14],
       [18, 28, 11, 10],
       [18, 19, 28, 32],
       [32, 31, 28, 29],
       [19, 13, 23, 14],
       [18, 12, 19, 13],
       [26, 16, 29, 30],
       [10, 30,  9, 16],
       [26, 16, 29, 30],
       [10, 30,  9, 16]]),
                                    'tri': array([[14, 15, 25],
       [19, 23, 32],
       [12, 18, 11]])},
                        spts_curved={'quad': array([False, False, False, False, False, False, False, False, False,
       False, False, False, False]),
                                     'tri': array([False, False, False])})}
[Rank 0] {0: _SubPartitionedMesh(id=0,
                        etypes=['quad', 'tri'],
                        eidxs_base={'quad': array([ 1, 14, 15, 18,  0,  4, 12, 19, 21]),
                                    'tri': array([3, 1, 5])},
                        eidxs={'quad': array([ 0,  1,  3,  4, 10, 12, 14, 15, 18, 19, 21]),
                               'tri': array([1, 3, 5])},
                        conn=array([[ 1, 15,  0,  0,  1,  0,  1],
       [ 1, 18,  0,  0,  1, 14,  3],
       [ 1,  0,  0,  0,  1,  4,  3],
       [ 1,  4,  0,  0,  1, 21,  3],
       [ 1, 12,  0,  0,  1, 14,  1],
       [ 1, 19,  0,  0,  1, 21,  2],
       [ 1, 21,  0,  0,  0,  5,  0],
       [ 1,  1,  1,  0,  1, 12,  1],
       [ 1, 15,  1,  0,  1, 12,  2],
       [ 1, 18,  1,  0,  1, 19,  2],
       [ 1,  4,  1,  0,  0,  1,  2],
       [ 1, 14,  2,  0,  0,  1,  1],
       [ 1, 18,  2,  0,  0,  3,  2],
       [ 1,  4,  2,  0,  1, 12,  3],
       [ 1,  0,  3,  0,  0,  5,  1],
       [ 1, 19,  3,  0,  0,  1,  0],
       [ 0,  3,  1,  1,  0,  0,  0],
       [ 1, 14,  0,  1,  1,  6,  1],
       [ 1,  1,  3,  1,  1, 17,  1],
       [ 1,  1,  2,  1,  1,  2,  2],
       [ 1, 18,  3,  1,  1,  7,  2],
       [ 1, 15,  3,  2,  1, 10,  0],
       [ 1, 15,  2,  2,  1,  3,  2],
       [ 1,  1,  0,  2,  1,  3,  3],
       [ 1,  0,  2, -1, -1, -1,  2],
       [ 0,  5,  2, -1, -1, -1,  2],
       [ 1, 19,  1, -1, -1, -1,  3],
       [ 1, 21,  1, -1, -1, -1,  3],
       [ 0,  3,  0, -1, -1, -1,  3],
       [ 1, 10,  0,  0,  1, 15,  3],
       [ 1,  3,  2,  0,  1, 15,  2],
       [ 1,  3,  3,  0,  1,  1,  0],
       [ 1, 10,  1,  2,  1,  3,  1],
       [ 1, 10,  2,  2,  0,  7,  2],
       [ 1, 10,  3, -1, -1, -1,  2],
       [ 1,  3,  0,  2,  1, 16,  3]]),
                        spts={'quad': array([[[0.62359953, 0.22794287],
        [0.68074413, 0.41970635],
        [0.49541325, 0.31519935],
        [0.49592129, 0.49379152]],

       [[0.38534186, 0.6857371 ],
        [0.49592129, 0.49379152],
        [0.52285327, 0.80110305],
        [0.63002644, 0.6375102 ]],

       [[1.        , 0.5       ],
        [0.7818017 , 0.58014363],
        [0.83472002, 0.36749615],
        [0.68074413, 0.41970635]],

       [[0.38534186, 0.6857371 ],
        [0.52285327, 0.80110305],
        [0.32888457, 0.85398126],
        [0.5       , 1.        ]],

       [[0.83782797, 0.76479963],
        [0.7818017 , 0.58014363],
        [1.        , 0.75      ],
        [1.        , 0.5       ]],

       [[0.83782797, 0.76479963],
        [0.71431293, 0.82270356],
        [0.7818017 , 0.58014363],
        [0.63002644, 0.6375102 ]],

       [[0.63002644, 0.6375102 ],
        [0.49592129, 0.49379152],
        [0.7818017 , 0.58014363],
        [0.68074413, 0.41970635]],

       [[0.71431293, 0.82270356],
        [0.75      , 1.        ],
        [0.52285327, 0.80110305],
        [0.5       , 1.        ]],

       [[0.83782797, 0.76479963],
        [1.        , 1.        ],
        [0.71431293, 0.82270356],
        [0.75      , 1.        ]],

       [[0.62359953, 0.22794287],
        [0.82341592, 0.18278211],
        [0.68074413, 0.41970635],
        [0.83472002, 0.36749615]],

       [[1.        , 0.5       ],
        [0.83472002, 0.36749615],
        [1.        , 0.25      ],
        [0.82341592, 0.18278211]],

       [[0.62359953, 0.22794287],
        [0.82341592, 0.18278211],
        [0.68074413, 0.41970635],
        [0.83472002, 0.36749615]],

       [[1.        , 0.5       ],
        [0.83472002, 0.36749615],
        [1.        , 0.25      ],
        [0.82341592, 0.18278211]]]),
                              'tri': array([[[0.5       , 1.        ],
        [0.25      , 1.        ],
        [0.32888457, 0.85398126]],

       [[0.71431293, 0.82270356],
        [0.52285327, 0.80110305],
        [0.63002644, 0.6375102 ]],

       [[1.        , 1.        ],
        [0.83782797, 0.76479963],
        [1.        , 0.75      ]]])},
                        spts_nodes={'quad': array([[26, 29, 27, 31],
       [24, 31, 23, 32],
       [10, 28, 30, 29],
       [24, 23, 25, 14],
       [18, 28, 11, 10],
       [18, 19, 28, 32],
       [32, 31, 28, 29],
       [19, 13, 23, 14],
       [18, 12, 19, 13],
       [26, 16, 29, 30],
       [10, 30,  9, 16],
       [26, 16, 29, 30],
       [10, 30,  9, 16]]),
                                    'tri': array([[14, 15, 25],
       [19, 23, 32],
       [12, 18, 11]])},
                        spts_curved={'quad': array([False, False, False, False, False, False, False, False, False,
       False, False, False, False]),
                                     'tri': array([False, False, False])})}
[Rank 0] {'bc': {np.int64(0): 4, np.int64(1): 4, np.int64(2): 4, np.int64(3): 4},
 'mpi': {np.int64(0): 48}}
[Rank 0] {0: _SubPartitionedMesh(id=0,
                        etypes=['quad', 'tri'],
                        eidxs_base={'quad': array([ 0,  1,  2,  3,  4,  5,  6,  7,  8,  9, 10, 11, 12, 13, 14, 15, 16,
       17, 18, 19, 20, 21]),
                                    'tri': array([0, 1, 2, 3, 4, 5, 6, 7])},
                        eidxs={'quad': array([ 0,  1,  2,  3,  4,  5,  6,  7,  8,  9, 10, 11, 12, 13, 14, 15, 16,
       17, 18, 19, 20, 21]),
                               'tri': array([0, 1, 2, 3, 4, 5, 6, 7])},
                        conn=array([[ 1,  0,  0,  0,  1,  4,  3],
       [ 1,  1,  0,  0,  1,  3,  3],
       [ 1,  2,  0,  0,  1, 20,  2],
       [ 1,  3,  0,  0,  1, 16,  3],
       [ 1,  4,  0,  0,  1, 21,  3],
       [ 1,  5,  0,  0,  1,  9,  0],
       [ 1,  6,  0,  0,  1,  2,  3],
       [ 1,  7,  0,  0,  1,  9,  1],
       [ 1, 10,  0,  0,  1, 15,  3],
       [ 1, 11,  0,  0,  1, 17,  3],
       [ 1, 12,  0,  0,  1, 14,  1],
       [ 1, 14,  0,  0,  1,  6,  1],
       [ 1, 15,  0,  0,  1,  0,  1],
       [ 1, 16,  0,  0,  1, 17,  0],
       [ 1, 18,  0,  0,  1, 14,  3],
       [ 1, 19,  0,  0,  1, 21,  2],
       [ 1, 20,  0,  0,  1,  8,  2],
       [ 1, 21,  0,  0,  0,  5,  0],
       [ 1,  1,  1,  0,  1, 12,  1],
       [ 1,  2,  1,  0,  1, 17,  2],
       [ 1,  3,  1,  0,  1, 10,  1],
       [ 1,  4,  1,  0,  0,  1,  2],
       [ 1,  5,  1,  0,  1,  8,  3],
       [ 1,  7,  1,  0,  1,  6,  2],
       [ 1,  8,  1,  0,  0,  4,  1],
       [ 1, 11,  1,  0,  1, 20,  1],
       [ 1, 13,  1,  0,  1,  9,  2],
       [ 1, 15,  1,  0,  1, 12,  2],
       [ 1, 17,  1,  0,  1,  1,  3],
       [ 1, 18,  1,  0,  1, 19,  2],
       [ 1,  1,  2,  0,  1,  2,  2],
       [ 1,  3,  2,  0,  1, 15,  2],
       [ 1,  4,  2,  0,  1, 12,  3],
       [ 1,  5,  2,  0,  1, 20,  3],
       [ 1,  7,  2,  0,  1, 18,  3],
       [ 1, 10,  2,  0,  0,  7,  2],
       [ 1, 11,  2,  0,  0,  6,  2],
       [ 1, 13,  2,  0,  0,  0,  1],
       [ 1, 14,  2,  0,  0,  1,  1],
       [ 1, 16,  2,  0,  0,  2,  0],
       [ 1, 18,  2,  0,  0,  3,  2],
       [ 1,  0,  3,  0,  0,  5,  1],
       [ 1,  5,  3,  0,  1,  6,  3],
       [ 1,  7,  3,  0,  0,  0,  2],
       [ 1, 19,  3,  0,  0,  1,  0],
       [ 0,  0,  0,  0,  0,  3,  1],
       [ 0,  4,  0,  0,  0,  6,  0],
       [ 0,  7,  0,  0,  0,  2,  2],
       [ 1, 16,  1, -1, -1, -1,  0],
       [ 1, 11,  3, -1, -1, -1,  0],
       [ 0,  2,  1, -1, -1, -1,  0],
       [ 0,  6,  1, -1, -1, -1,  0],
       [ 1,  8,  0, -1, -1, -1,  1],
       [ 1, 13,  0, -1, -1, -1,  1],
       [ 1,  9,  3, -1, -1, -1,  1],
       [ 0,  4,  2, -1, -1, -1,  1],
       [ 1,  0,  2, -1, -1, -1,  2],
       [ 1, 10,  3, -1, -1, -1,  2],
       [ 0,  7,  1, -1, -1, -1,  2],
       [ 0,  5,  2, -1, -1, -1,  2],
       [ 1, 19,  1, -1, -1, -1,  3],
       [ 1, 21,  1, -1, -1, -1,  3],
       [ 1, 13,  3, -1, -1, -1,  3],
       [ 0,  3,  0, -1, -1, -1,  3]]),
                        spts={'quad': array([[[0.83782797, 0.76479963],
        [0.7818017 , 0.58014363],
        [1.        , 0.75      ],
        [1.        , 0.5       ]],

       [[0.62359953, 0.22794287],
        [0.68074413, 0.41970635],
        [0.49541325, 0.31519935],
        [0.49592129, 0.49379152]],

       [[0.30641017, 0.41891218],
        [0.36671894, 0.22386365],
        [0.49592129, 0.49379152],
        [0.49541325, 0.31519935]],

       [[0.62359953, 0.22794287],
        [0.82341592, 0.18278211],
        [0.68074413, 0.41970635],
        [0.83472002, 0.36749615]],

       [[0.83782797, 0.76479963],
        [0.71431293, 0.82270356],
        [0.7818017 , 0.58014363],
        [0.63002644, 0.6375102 ]],

       [[0.21694446, 0.59326755],
        [0.        , 0.5       ],
        [0.30641017, 0.41891218],
        [0.15453763, 0.36210185]],

       [[0.30641017, 0.41891218],
        [0.49592129, 0.49379152],
        [0.21694446, 0.59326755],
        [0.38534186, 0.6857371 ]],

       [[0.17602583, 0.76842093],
        [0.21694446, 0.59326755],
        [0.32888457, 0.85398126],
        [0.38534186, 0.6857371 ]],

       [[0.        , 0.5       ],
        [0.        , 0.25      ],
        [0.15453763, 0.36210185],
        [0.16878791, 0.18519744]],

       [[0.        , 0.5       ],
        [0.21694446, 0.59326755],
        [0.        , 0.75      ],
        [0.17602583, 0.76842093]],

       [[1.        , 0.5       ],
        [0.83472002, 0.36749615],
        [1.        , 0.25      ],
        [0.82341592, 0.18278211]],

       [[0.5       , 0.        ],
        [0.36671894, 0.22386365],
        [0.25      , 0.        ],
        [0.16878791, 0.18519744]],

       [[0.63002644, 0.6375102 ],
        [0.49592129, 0.49379152],
        [0.7818017 , 0.58014363],
        [0.68074413, 0.41970635]],

       [[0.        , 1.        ],
        [0.        , 0.75      ],
        [0.25      , 1.        ],
        [0.17602583, 0.76842093]],

       [[0.38534186, 0.6857371 ],
        [0.49592129, 0.49379152],
        [0.52285327, 0.80110305],
        [0.63002644, 0.6375102 ]],

       [[1.        , 0.5       ],
        [0.7818017 , 0.58014363],
        [0.83472002, 0.36749615],
        [0.68074413, 0.41970635]],

       [[0.62359953, 0.22794287],
        [0.5       , 0.        ],
        [0.82341592, 0.18278211],
        [0.75      , 0.        ]],

       [[0.5       , 0.        ],
        [0.62359953, 0.22794287],
        [0.36671894, 0.22386365],
        [0.49541325, 0.31519935]],

       [[0.38534186, 0.6857371 ],
        [0.52285327, 0.80110305],
        [0.32888457, 0.85398126],
        [0.5       , 1.        ]],

       [[0.71431293, 0.82270356],
        [0.75      , 1.        ],
        [0.52285327, 0.80110305],
        [0.5       , 1.        ]],

       [[0.15453763, 0.36210185],
        [0.16878791, 0.18519744],
        [0.30641017, 0.41891218],
        [0.36671894, 0.22386365]],

       [[0.83782797, 0.76479963],
        [1.        , 1.        ],
        [0.71431293, 0.82270356],
        [0.75      , 1.        ]]]),
                              'tri': array([[[0.32888457, 0.85398126],
        [0.25      , 1.        ],
        [0.17602583, 0.76842093]],

       [[0.71431293, 0.82270356],
        [0.52285327, 0.80110305],
        [0.63002644, 0.6375102 ]],

       [[0.82341592, 0.18278211],
        [0.75      , 0.        ],
        [1.        , 0.        ]],

       [[0.5       , 1.        ],
        [0.25      , 1.        ],
        [0.32888457, 0.85398126]],

       [[0.        , 0.        ],
        [0.16878791, 0.18519744],
        [0.        , 0.25      ]],

       [[1.        , 1.        ],
        [0.83782797, 0.76479963],
        [1.        , 0.75      ]],

       [[0.16878791, 0.18519744],
        [0.        , 0.        ],
        [0.25      , 0.        ]],

       [[0.82341592, 0.18278211],
        [1.        , 0.        ],
        [1.        , 0.25      ]]])},
                        spts_nodes={'quad': array([[18, 28, 11, 10],
       [26, 29, 27, 31],
       [22, 21, 31, 27],
       [26, 16, 29, 30],
       [18, 19, 28, 32],
       [34,  2, 22, 20],
       [22, 31, 34, 24],
       [33, 34, 25, 24],
       [ 2,  3, 20, 17],
       [ 2, 34,  1, 33],
       [10, 30,  9, 16],
       [ 6, 21,  5, 17],
       [32, 31, 28, 29],
       [ 0,  1, 15, 33],
       [24, 31, 23, 32],
       [10, 28, 30, 29],
       [26,  6, 16,  7],
       [ 6, 26, 21, 27],
       [24, 23, 25, 14],
       [19, 13, 23, 14],
       [20, 17, 22, 21],
       [18, 12, 19, 13]]),
                                    'tri': array([[25, 15, 33],
       [19, 23, 32],
       [16,  7,  8],
       [14, 15, 25],
       [ 4, 17,  3],
       [12, 18, 11],
       [17,  4,  5],
       [16,  8,  9]])},
                        spts_curved={'quad': array([False, False, False, False, False, False, False, False, False,
       False, False, False, False, False, False, False, False, False,
       False, False, False, False]),
                                     'tri': array([False, False, False, False, False, False, False, False])})}
[Rank 0] {0: _SubPartitionedMesh(id=0,
                        etypes=['quad', 'tri'],
                        eidxs_base={'quad': array([ 0,  1,  2,  3,  4,  5,  6,  7,  8,  9, 10, 11, 12, 13, 14, 15, 16,
       17, 18, 19, 20, 21]),
                                    'tri': array([0, 1, 2, 3, 4, 5, 6, 7])},
                        eidxs={'quad': array([ 0,  1,  2,  3,  4,  5,  6,  7,  8,  9, 10, 11, 12, 13, 14, 15, 16,
       17, 18, 19, 20, 21]),
                               'tri': array([0, 1, 2, 3, 4, 5, 6, 7])},
                        conn=array([[ 1,  0,  0,  0,  1,  4,  3],
       [ 1,  1,  0,  0,  1,  3,  3],
       [ 1,  2,  0,  0,  1, 20,  2],
       [ 1,  3,  0,  0,  1, 16,  3],
       [ 1,  4,  0,  0,  1, 21,  3],
       [ 1,  5,  0,  0,  1,  9,  0],
       [ 1,  6,  0,  0,  1,  2,  3],
       [ 1,  7,  0,  0,  1,  9,  1],
       [ 1, 10,  0,  0,  1, 15,  3],
       [ 1, 11,  0,  0,  1, 17,  3],
       [ 1, 12,  0,  0,  1, 14,  1],
       [ 1, 14,  0,  0,  1,  6,  1],
       [ 1, 15,  0,  0,  1,  0,  1],
       [ 1, 16,  0,  0,  1, 17,  0],
       [ 1, 18,  0,  0,  1, 14,  3],
       [ 1, 19,  0,  0,  1, 21,  2],
       [ 1, 20,  0,  0,  1,  8,  2],
       [ 1, 21,  0,  0,  0,  5,  0],
       [ 1,  1,  1,  0,  1, 12,  1],
       [ 1,  2,  1,  0,  1, 17,  2],
       [ 1,  3,  1,  0,  1, 10,  1],
       [ 1,  4,  1,  0,  0,  1,  2],
       [ 1,  5,  1,  0,  1,  8,  3],
       [ 1,  7,  1,  0,  1,  6,  2],
       [ 1,  8,  1,  0,  0,  4,  1],
       [ 1, 11,  1,  0,  1, 20,  1],
       [ 1, 13,  1,  0,  1,  9,  2],
       [ 1, 15,  1,  0,  1, 12,  2],
       [ 1, 17,  1,  0,  1,  1,  3],
       [ 1, 18,  1,  0,  1, 19,  2],
       [ 1,  1,  2,  0,  1,  2,  2],
       [ 1,  3,  2,  0,  1, 15,  2],
       [ 1,  4,  2,  0,  1, 12,  3],
       [ 1,  5,  2,  0,  1, 20,  3],
       [ 1,  7,  2,  0,  1, 18,  3],
       [ 1, 10,  2,  0,  0,  7,  2],
       [ 1, 11,  2,  0,  0,  6,  2],
       [ 1, 13,  2,  0,  0,  0,  1],
       [ 1, 14,  2,  0,  0,  1,  1],
       [ 1, 16,  2,  0,  0,  2,  0],
       [ 1, 18,  2,  0,  0,  3,  2],
       [ 1,  0,  3,  0,  0,  5,  1],
       [ 1,  5,  3,  0,  1,  6,  3],
       [ 1,  7,  3,  0,  0,  0,  2],
       [ 1, 19,  3,  0,  0,  1,  0],
       [ 0,  0,  0,  0,  0,  3,  1],
       [ 0,  4,  0,  0,  0,  6,  0],
       [ 0,  7,  0,  0,  0,  2,  2],
       [ 1, 16,  1, -1, -1, -1,  0],
       [ 1, 11,  3, -1, -1, -1,  0],
       [ 0,  2,  1, -1, -1, -1,  0],
       [ 0,  6,  1, -1, -1, -1,  0],
       [ 1,  8,  0, -1, -1, -1,  1],
       [ 1, 13,  0, -1, -1, -1,  1],
       [ 1,  9,  3, -1, -1, -1,  1],
       [ 0,  4,  2, -1, -1, -1,  1],
       [ 1,  0,  2, -1, -1, -1,  2],
       [ 1, 10,  3, -1, -1, -1,  2],
       [ 0,  7,  1, -1, -1, -1,  2],
       [ 0,  5,  2, -1, -1, -1,  2],
       [ 1, 19,  1, -1, -1, -1,  3],
       [ 1, 21,  1, -1, -1, -1,  3],
       [ 1, 13,  3, -1, -1, -1,  3],
       [ 0,  3,  0, -1, -1, -1,  3]]),
                        spts={'quad': array([[[0.83782797, 0.76479963],
        [0.7818017 , 0.58014363],
        [1.        , 0.75      ],
        [1.        , 0.5       ]],

       [[0.62359953, 0.22794287],
        [0.68074413, 0.41970635],
        [0.49541325, 0.31519935],
        [0.49592129, 0.49379152]],

       [[0.30641017, 0.41891218],
        [0.36671894, 0.22386365],
        [0.49592129, 0.49379152],
        [0.49541325, 0.31519935]],

       [[0.62359953, 0.22794287],
        [0.82341592, 0.18278211],
        [0.68074413, 0.41970635],
        [0.83472002, 0.36749615]],

       [[0.83782797, 0.76479963],
        [0.71431293, 0.82270356],
        [0.7818017 , 0.58014363],
        [0.63002644, 0.6375102 ]],

       [[0.21694446, 0.59326755],
        [0.        , 0.5       ],
        [0.30641017, 0.41891218],
        [0.15453763, 0.36210185]],

       [[0.30641017, 0.41891218],
        [0.49592129, 0.49379152],
        [0.21694446, 0.59326755],
        [0.38534186, 0.6857371 ]],

       [[0.17602583, 0.76842093],
        [0.21694446, 0.59326755],
        [0.32888457, 0.85398126],
        [0.38534186, 0.6857371 ]],

       [[0.        , 0.5       ],
        [0.        , 0.25      ],
        [0.15453763, 0.36210185],
        [0.16878791, 0.18519744]],

       [[0.        , 0.5       ],
        [0.21694446, 0.59326755],
        [0.        , 0.75      ],
        [0.17602583, 0.76842093]],

       [[1.        , 0.5       ],
        [0.83472002, 0.36749615],
        [1.        , 0.25      ],
        [0.82341592, 0.18278211]],

       [[0.5       , 0.        ],
        [0.36671894, 0.22386365],
        [0.25      , 0.        ],
        [0.16878791, 0.18519744]],

       [[0.63002644, 0.6375102 ],
        [0.49592129, 0.49379152],
        [0.7818017 , 0.58014363],
        [0.68074413, 0.41970635]],

       [[0.        , 1.        ],
        [0.        , 0.75      ],
        [0.25      , 1.        ],
        [0.17602583, 0.76842093]],

       [[0.38534186, 0.6857371 ],
        [0.49592129, 0.49379152],
        [0.52285327, 0.80110305],
        [0.63002644, 0.6375102 ]],

       [[1.        , 0.5       ],
        [0.7818017 , 0.58014363],
        [0.83472002, 0.36749615],
        [0.68074413, 0.41970635]],

       [[0.62359953, 0.22794287],
        [0.5       , 0.        ],
        [0.82341592, 0.18278211],
        [0.75      , 0.        ]],

       [[0.5       , 0.        ],
        [0.62359953, 0.22794287],
        [0.36671894, 0.22386365],
        [0.49541325, 0.31519935]],

       [[0.38534186, 0.6857371 ],
        [0.52285327, 0.80110305],
        [0.32888457, 0.85398126],
        [0.5       , 1.        ]],

       [[0.71431293, 0.82270356],
        [0.75      , 1.        ],
        [0.52285327, 0.80110305],
        [0.5       , 1.        ]],

       [[0.15453763, 0.36210185],
        [0.16878791, 0.18519744],
        [0.30641017, 0.41891218],
        [0.36671894, 0.22386365]],

       [[0.83782797, 0.76479963],
        [1.        , 1.        ],
        [0.71431293, 0.82270356],
        [0.75      , 1.        ]]]),
                              'tri': array([[[0.32888457, 0.85398126],
        [0.25      , 1.        ],
        [0.17602583, 0.76842093]],

       [[0.71431293, 0.82270356],
        [0.52285327, 0.80110305],
        [0.63002644, 0.6375102 ]],

       [[0.82341592, 0.18278211],
        [0.75      , 0.        ],
        [1.        , 0.        ]],

       [[0.5       , 1.        ],
        [0.25      , 1.        ],
        [0.32888457, 0.85398126]],

       [[0.        , 0.        ],
        [0.16878791, 0.18519744],
        [0.        , 0.25      ]],

       [[1.        , 1.        ],
        [0.83782797, 0.76479963],
        [1.        , 0.75      ]],

       [[0.16878791, 0.18519744],
        [0.        , 0.        ],
        [0.25      , 0.        ]],

       [[0.82341592, 0.18278211],
        [1.        , 0.        ],
        [1.        , 0.25      ]]])},
                        spts_nodes={'quad': array([[18, 28, 11, 10],
       [26, 29, 27, 31],
       [22, 21, 31, 27],
       [26, 16, 29, 30],
       [18, 19, 28, 32],
       [34,  2, 22, 20],
       [22, 31, 34, 24],
       [33, 34, 25, 24],
       [ 2,  3, 20, 17],
       [ 2, 34,  1, 33],
       [10, 30,  9, 16],
       [ 6, 21,  5, 17],
       [32, 31, 28, 29],
       [ 0,  1, 15, 33],
       [24, 31, 23, 32],
       [10, 28, 30, 29],
       [26,  6, 16,  7],
       [ 6, 26, 21, 27],
       [24, 23, 25, 14],
       [19, 13, 23, 14],
       [20, 17, 22, 21],
       [18, 12, 19, 13]]),
                                    'tri': array([[25, 15, 33],
       [19, 23, 32],
       [16,  7,  8],
       [14, 15, 25],
       [ 4, 17,  3],
       [12, 18, 11],
       [17,  4,  5],
       [16,  8,  9]])},
                        spts_curved={'quad': array([False, False, False, False, False, False, False, False, False,
       False, False, False, False, False, False, False, False, False,
       False, False, False, False]),
                                     'tri': array([False, False, False, False, False, False, False, False])})}
[Rank 0] {0: _SubPartitionedMesh(id=0,
                        etypes=['quad', 'tri'],
                        eidxs_base={'quad': array([ 0,  1,  2,  3,  4,  5,  6,  7,  8,  9, 10, 11, 12, 13, 14, 15, 16,
       17, 18, 19, 20, 21]),
                                    'tri': array([0, 1, 2, 3, 4, 5, 6, 7])},
                        eidxs={'quad': array([ 0,  1,  2,  3,  4,  5,  6,  7,  8,  9, 10, 11, 12, 13, 14, 15, 16,
       17, 18, 19, 20, 21]),
                               'tri': array([0, 1, 2, 3, 4, 5, 6, 7])},
                        conn=array([[ 0,  0,  0,  0,  0,  3,  1],
       [ 0,  0,  1,  0,  1, 13,  2],
       [ 0,  0,  2,  0,  1,  7,  3],
       [ 0,  1,  0,  0,  1, 19,  3],
       [ 0,  1,  1,  0,  1, 14,  2],
       [ 0,  1,  2,  0,  1,  4,  1],
       [ 0,  2,  0,  0,  1, 16,  2],
       [ 0,  2,  1, -1, -1, -1,  0],
       [ 0,  2,  2,  0,  0,  7,  0],
       [ 0,  3,  0, -1, -1, -1,  3],
       [ 0,  3,  1,  0,  0,  0,  0],
       [ 0,  3,  2,  0,  1, 18,  2],
       [ 0,  4,  0,  0,  0,  6,  0],
       [ 0,  4,  1,  0,  1,  8,  1],
       [ 0,  4,  2, -1, -1, -1,  1],
       [ 0,  5,  0,  0,  1, 21,  0],
       [ 0,  5,  1,  0,  1,  0,  3],
       [ 0,  5,  2, -1, -1, -1,  2],
       [ 0,  6,  0,  0,  0,  4,  0],
       [ 0,  6,  1, -1, -1, -1,  0],
       [ 0,  6,  2,  0,  1, 11,  2],
       [ 0,  7,  0,  0,  0,  2,  2],
       [ 0,  7,  1, -1, -1, -1,  2],
       [ 0,  7,  2,  0,  1, 10,  2],
       [ 1,  0,  0,  0,  1,  4,  3],
       [ 1,  0,  1,  0,  1, 15,  0],
       [ 1,  0,  2, -1, -1, -1,  2],
       [ 1,  0,  3,  0,  0,  5,  1],
       [ 1,  1,  0,  0,  1,  3,  3],
       [ 1,  1,  1,  0,  1, 12,  1],
       [ 1,  1,  2,  0,  1,  2,  2],
       [ 1,  1,  3,  0,  1, 17,  1],
       [ 1,  2,  0,  0,  1, 20,  2],
       [ 1,  2,  1,  0,  1, 17,  2],
       [ 1,  2,  2,  0,  1,  1,  2],
       [ 1,  2,  3,  0,  1,  6,  0],
       [ 1,  3,  0,  0,  1, 16,  3],
       [ 1,  3,  1,  0,  1, 10,  1],
       [ 1,  3,  2,  0,  1, 15,  2],
       [ 1,  3,  3,  0,  1,  1,  0],
       [ 1,  4,  0,  0,  1, 21,  3],
       [ 1,  4,  1,  0,  0,  1,  2],
       [ 1,  4,  2,  0,  1, 12,  3],
       [ 1,  4,  3,  0,  1,  0,  0],
       [ 1,  5,  0,  0,  1,  9,  0],
       [ 1,  5,  1,  0,  1,  8,  3],
       [ 1,  5,  2,  0,  1, 20,  3],
       [ 1,  5,  3,  0,  1,  6,  3],
       [ 1,  6,  0,  0,  1,  2,  3],
       [ 1,  6,  1,  0,  1, 14,  0],
       [ 1,  6,  2,  0,  1,  7,  1],
       [ 1,  6,  3,  0,  1,  5,  3],
       [ 1,  7,  0,  0,  1,  9,  1],
       [ 1,  7,  1,  0,  1,  6,  2],
       [ 1,  7,  2,  0,  1, 18,  3],
       [ 1,  7,  3,  0,  0,  0,  2],
       [ 1,  8,  0, -1, -1, -1,  1],
       [ 1,  8,  1,  0,  0,  4,  1],
       [ 1,  8,  2,  0,  1, 20,  0],
       [ 1,  8,  3,  0,  1,  5,  1],
       [ 1,  9,  0,  0,  1,  5,  0],
       [ 1,  9,  1,  0,  1,  7,  0],
       [ 1,  9,  2,  0,  1, 13,  1],
       [ 1,  9,  3, -1, -1, -1,  1],
       [ 1, 10,  0,  0,  1, 15,  3],
       [ 1, 10,  1,  0,  1,  3,  1],
       [ 1, 10,  2,  0,  0,  7,  2],
       [ 1, 10,  3, -1, -1, -1,  2],
       [ 1, 11,  0,  0,  1, 17,  3],
       [ 1, 11,  1,  0,  1, 20,  1],
       [ 1, 11,  2,  0,  0,  6,  2],
       [ 1, 11,  3, -1, -1, -1,  0],
       [ 1, 12,  0,  0,  1, 14,  1],
       [ 1, 12,  1,  0,  1,  1,  1],
       [ 1, 12,  2,  0,  1, 15,  1],
       [ 1, 12,  3,  0,  1,  4,  2],
       [ 1, 13,  0, -1, -1, -1,  1],
       [ 1, 13,  1,  0,  1,  9,  2],
       [ 1, 13,  2,  0,  0,  0,  1],
       [ 1, 13,  3, -1, -1, -1,  3],
       [ 1, 14,  0,  0,  1,  6,  1],
       [ 1, 14,  1,  0,  1, 12,  0],
       [ 1, 14,  2,  0,  0,  1,  1],
       [ 1, 14,  3,  0,  1, 18,  0],
       [ 1, 15,  0,  0,  1,  0,  1],
       [ 1, 15,  1,  0,  1, 12,  2],
       [ 1, 15,  2,  0,  1,  3,  2],
       [ 1, 15,  3,  0,  1, 10,  0],
       [ 1, 16,  0,  0,  1, 17,  0],
       [ 1, 16,  1, -1, -1, -1,  0],
       [ 1, 16,  2,  0,  0,  2,  0],
       [ 1, 16,  3,  0,  1,  3,  0],
       [ 1, 17,  0,  0,  1, 16,  0],
       [ 1, 17,  1,  0,  1,  1,  3],
       [ 1, 17,  2,  0,  1,  2,  1],
       [ 1, 17,  3,  0,  1, 11,  0],
       [ 1, 18,  0,  0,  1, 14,  3],
       [ 1, 18,  1,  0,  1, 19,  2],
       [ 1, 18,  2,  0,  0,  3,  2],
       [ 1, 18,  3,  0,  1,  7,  2],
       [ 1, 19,  0,  0,  1, 21,  2],
       [ 1, 19,  1, -1, -1, -1,  3],
       [ 1, 19,  2,  0,  1, 18,  1],
       [ 1, 19,  3,  0,  0,  1,  0],
       [ 1, 20,  0,  0,  1,  8,  2],
       [ 1, 20,  1,  0,  1, 11,  1],
       [ 1, 20,  2,  0,  1,  2,  0],
       [ 1, 20,  3,  0,  1,  5,  2],
       [ 1, 21,  0,  0,  0,  5,  0],
       [ 1, 21,  1, -1, -1, -1,  3],
       [ 1, 21,  2,  0,  1, 19,  0],
       [ 1, 21,  3,  0,  1,  4,  0]]),
                        spts={'quad': array([[[0.83782797, 0.76479963],
        [0.7818017 , 0.58014363],
        [1.        , 0.75      ],
        [1.        , 0.5       ]],

       [[0.62359953, 0.22794287],
        [0.68074413, 0.41970635],
        [0.49541325, 0.31519935],
        [0.49592129, 0.49379152]],

       [[0.30641017, 0.41891218],
        [0.36671894, 0.22386365],
        [0.49592129, 0.49379152],
        [0.49541325, 0.31519935]],

       [[0.62359953, 0.22794287],
        [0.82341592, 0.18278211],
        [0.68074413, 0.41970635],
        [0.83472002, 0.36749615]],

       [[0.83782797, 0.76479963],
        [0.71431293, 0.82270356],
        [0.7818017 , 0.58014363],
        [0.63002644, 0.6375102 ]],

       [[0.21694446, 0.59326755],
        [0.        , 0.5       ],
        [0.30641017, 0.41891218],
        [0.15453763, 0.36210185]],

       [[0.30641017, 0.41891218],
        [0.49592129, 0.49379152],
        [0.21694446, 0.59326755],
        [0.38534186, 0.6857371 ]],

       [[0.17602583, 0.76842093],
        [0.21694446, 0.59326755],
        [0.32888457, 0.85398126],
        [0.38534186, 0.6857371 ]],

       [[0.        , 0.5       ],
        [0.        , 0.25      ],
        [0.15453763, 0.36210185],
        [0.16878791, 0.18519744]],

       [[0.        , 0.5       ],
        [0.21694446, 0.59326755],
        [0.        , 0.75      ],
        [0.17602583, 0.76842093]],

       [[1.        , 0.5       ],
        [0.83472002, 0.36749615],
        [1.        , 0.25      ],
        [0.82341592, 0.18278211]],

       [[0.5       , 0.        ],
        [0.36671894, 0.22386365],
        [0.25      , 0.        ],
        [0.16878791, 0.18519744]],

       [[0.63002644, 0.6375102 ],
        [0.49592129, 0.49379152],
        [0.7818017 , 0.58014363],
        [0.68074413, 0.41970635]],

       [[0.        , 1.        ],
        [0.        , 0.75      ],
        [0.25      , 1.        ],
        [0.17602583, 0.76842093]],

       [[0.38534186, 0.6857371 ],
        [0.49592129, 0.49379152],
        [0.52285327, 0.80110305],
        [0.63002644, 0.6375102 ]],

       [[1.        , 0.5       ],
        [0.7818017 , 0.58014363],
        [0.83472002, 0.36749615],
        [0.68074413, 0.41970635]],

       [[0.62359953, 0.22794287],
        [0.5       , 0.        ],
        [0.82341592, 0.18278211],
        [0.75      , 0.        ]],

       [[0.5       , 0.        ],
        [0.62359953, 0.22794287],
        [0.36671894, 0.22386365],
        [0.49541325, 0.31519935]],

       [[0.38534186, 0.6857371 ],
        [0.52285327, 0.80110305],
        [0.32888457, 0.85398126],
        [0.5       , 1.        ]],

       [[0.71431293, 0.82270356],
        [0.75      , 1.        ],
        [0.52285327, 0.80110305],
        [0.5       , 1.        ]],

       [[0.15453763, 0.36210185],
        [0.16878791, 0.18519744],
        [0.30641017, 0.41891218],
        [0.36671894, 0.22386365]],

       [[0.83782797, 0.76479963],
        [1.        , 1.        ],
        [0.71431293, 0.82270356],
        [0.75      , 1.        ]]]),
                              'tri': array([[[0.32888457, 0.85398126],
        [0.25      , 1.        ],
        [0.17602583, 0.76842093]],

       [[0.71431293, 0.82270356],
        [0.52285327, 0.80110305],
        [0.63002644, 0.6375102 ]],

       [[0.82341592, 0.18278211],
        [0.75      , 0.        ],
        [1.        , 0.        ]],

       [[0.5       , 1.        ],
        [0.25      , 1.        ],
        [0.32888457, 0.85398126]],

       [[0.        , 0.        ],
        [0.16878791, 0.18519744],
        [0.        , 0.25      ]],

       [[1.        , 1.        ],
        [0.83782797, 0.76479963],
        [1.        , 0.75      ]],

       [[0.16878791, 0.18519744],
        [0.        , 0.        ],
        [0.25      , 0.        ]],

       [[0.82341592, 0.18278211],
        [1.        , 0.        ],
        [1.        , 0.25      ]]])},
                        spts_nodes={'quad': array([[18, 28, 11, 10],
       [26, 29, 27, 31],
       [22, 21, 31, 27],
       [26, 16, 29, 30],
       [18, 19, 28, 32],
       [34,  2, 22, 20],
       [22, 31, 34, 24],
       [33, 34, 25, 24],
       [ 2,  3, 20, 17],
       [ 2, 34,  1, 33],
       [10, 30,  9, 16],
       [ 6, 21,  5, 17],
       [32, 31, 28, 29],
       [ 0,  1, 15, 33],
       [24, 31, 23, 32],
       [10, 28, 30, 29],
       [26,  6, 16,  7],
       [ 6, 26, 21, 27],
       [24, 23, 25, 14],
       [19, 13, 23, 14],
       [20, 17, 22, 21],
       [18, 12, 19, 13]]),
                                    'tri': array([[25, 15, 33],
       [19, 23, 32],
       [16,  7,  8],
       [14, 15, 25],
       [ 4, 17,  3],
       [12, 18, 11],
       [17,  4,  5],
       [16,  8,  9]])},
                        spts_curved={'quad': array([False, False, False, False, False, False, False, False, False,
       False, False, False, False, False, False, False, False, False,
       False, False, False, False]),
                                     'tri': array([False, False, False, False, False, False, False, False])})}
[Rank 0] {0: _SubPartitionedMesh(id=0,
                        etypes=['quad', 'tri'],
                        eidxs_base={'quad': array([ 0,  1,  2,  3,  4,  5,  6,  7,  8,  9, 10, 11, 12, 13, 14, 15, 16,
       17, 18, 19, 20, 21]),
                                    'tri': array([0, 1, 2, 3, 4, 5, 6, 7])},
                        eidxs={'quad': array([ 0,  1,  2,  3,  4,  5,  6,  7,  8,  9, 10, 11, 12, 13, 14, 15, 16,
       17, 18, 19, 20, 21]),
                               'tri': array([0, 1, 2, 3, 4, 5, 6, 7])},
                        conn=array([[ 0,  0,  0,  0,  0,  3,  1],
       [ 0,  0,  1,  0,  1, 13,  2],
       [ 0,  0,  2,  0,  1,  7,  3],
       [ 0,  1,  0,  0,  1, 19,  3],
       [ 0,  1,  1,  0,  1, 14,  2],
       [ 0,  1,  2,  0,  1,  4,  1],
       [ 0,  2,  0,  0,  1, 16,  2],
       [ 0,  2,  1, -1, -1, -1,  0],
       [ 0,  2,  2,  0,  0,  7,  0],
       [ 0,  3,  0, -1, -1, -1,  3],
       [ 0,  3,  1,  0,  0,  0,  0],
       [ 0,  3,  2,  0,  1, 18,  2],
       [ 0,  4,  0,  0,  0,  6,  0],
       [ 0,  4,  1,  0,  1,  8,  1],
       [ 0,  4,  2, -1, -1, -1,  1],
       [ 0,  5,  0,  0,  1, 21,  0],
       [ 0,  5,  1,  0,  1,  0,  3],
       [ 0,  5,  2, -1, -1, -1,  2],
       [ 0,  6,  0,  0,  0,  4,  0],
       [ 0,  6,  1, -1, -1, -1,  0],
       [ 0,  6,  2,  0,  1, 11,  2],
       [ 0,  7,  0,  0,  0,  2,  2],
       [ 0,  7,  1, -1, -1, -1,  2],
       [ 0,  7,  2,  0,  1, 10,  2],
       [ 1,  0,  0,  0,  1,  4,  3],
       [ 1,  0,  1,  0,  1, 15,  0],
       [ 1,  0,  2, -1, -1, -1,  2],
       [ 1,  0,  3,  0,  0,  5,  1],
       [ 1,  1,  0,  0,  1,  3,  3],
       [ 1,  1,  1,  0,  1, 12,  1],
       [ 1,  1,  2,  0,  1,  2,  2],
       [ 1,  1,  3,  0,  1, 17,  1],
       [ 1,  2,  0,  0,  1, 20,  2],
       [ 1,  2,  1,  0,  1, 17,  2],
       [ 1,  2,  2,  0,  1,  1,  2],
       [ 1,  2,  3,  0,  1,  6,  0],
       [ 1,  3,  0,  0,  1, 16,  3],
       [ 1,  3,  1,  0,  1, 10,  1],
       [ 1,  3,  2,  0,  1, 15,  2],
       [ 1,  3,  3,  0,  1,  1,  0],
       [ 1,  4,  0,  0,  1, 21,  3],
       [ 1,  4,  1,  0,  0,  1,  2],
       [ 1,  4,  2,  0,  1, 12,  3],
       [ 1,  4,  3,  0,  1,  0,  0],
       [ 1,  5,  0,  0,  1,  9,  0],
       [ 1,  5,  1,  0,  1,  8,  3],
       [ 1,  5,  2,  0,  1, 20,  3],
       [ 1,  5,  3,  0,  1,  6,  3],
       [ 1,  6,  0,  0,  1,  2,  3],
       [ 1,  6,  1,  0,  1, 14,  0],
       [ 1,  6,  2,  0,  1,  7,  1],
       [ 1,  6,  3,  0,  1,  5,  3],
       [ 1,  7,  0,  0,  1,  9,  1],
       [ 1,  7,  1,  0,  1,  6,  2],
       [ 1,  7,  2,  0,  1, 18,  3],
       [ 1,  7,  3,  0,  0,  0,  2],
       [ 1,  8,  0, -1, -1, -1,  1],
       [ 1,  8,  1,  0,  0,  4,  1],
       [ 1,  8,  2,  0,  1, 20,  0],
       [ 1,  8,  3,  0,  1,  5,  1],
       [ 1,  9,  0,  0,  1,  5,  0],
       [ 1,  9,  1,  0,  1,  7,  0],
       [ 1,  9,  2,  0,  1, 13,  1],
       [ 1,  9,  3, -1, -1, -1,  1],
       [ 1, 10,  0,  0,  1, 15,  3],
       [ 1, 10,  1,  0,  1,  3,  1],
       [ 1, 10,  2,  0,  0,  7,  2],
       [ 1, 10,  3, -1, -1, -1,  2],
       [ 1, 11,  0,  0,  1, 17,  3],
       [ 1, 11,  1,  0,  1, 20,  1],
       [ 1, 11,  2,  0,  0,  6,  2],
       [ 1, 11,  3, -1, -1, -1,  0],
       [ 1, 12,  0,  0,  1, 14,  1],
       [ 1, 12,  1,  0,  1,  1,  1],
       [ 1, 12,  2,  0,  1, 15,  1],
       [ 1, 12,  3,  0,  1,  4,  2],
       [ 1, 13,  0, -1, -1, -1,  1],
       [ 1, 13,  1,  0,  1,  9,  2],
       [ 1, 13,  2,  0,  0,  0,  1],
       [ 1, 13,  3, -1, -1, -1,  3],
       [ 1, 14,  0,  0,  1,  6,  1],
       [ 1, 14,  1,  0,  1, 12,  0],
       [ 1, 14,  2,  0,  0,  1,  1],
       [ 1, 14,  3,  0,  1, 18,  0],
       [ 1, 15,  0,  0,  1,  0,  1],
       [ 1, 15,  1,  0,  1, 12,  2],
       [ 1, 15,  2,  0,  1,  3,  2],
       [ 1, 15,  3,  0,  1, 10,  0],
       [ 1, 16,  0,  0,  1, 17,  0],
       [ 1, 16,  1, -1, -1, -1,  0],
       [ 1, 16,  2,  0,  0,  2,  0],
       [ 1, 16,  3,  0,  1,  3,  0],
       [ 1, 17,  0,  0,  1, 16,  0],
       [ 1, 17,  1,  0,  1,  1,  3],
       [ 1, 17,  2,  0,  1,  2,  1],
       [ 1, 17,  3,  0,  1, 11,  0],
       [ 1, 18,  0,  0,  1, 14,  3],
       [ 1, 18,  1,  0,  1, 19,  2],
       [ 1, 18,  2,  0,  0,  3,  2],
       [ 1, 18,  3,  0,  1,  7,  2],
       [ 1, 19,  0,  0,  1, 21,  2],
       [ 1, 19,  1, -1, -1, -1,  3],
       [ 1, 19,  2,  0,  1, 18,  1],
       [ 1, 19,  3,  0,  0,  1,  0],
       [ 1, 20,  0,  0,  1,  8,  2],
       [ 1, 20,  1,  0,  1, 11,  1],
       [ 1, 20,  2,  0,  1,  2,  0],
       [ 1, 20,  3,  0,  1,  5,  2],
       [ 1, 21,  0,  0,  0,  5,  0],
       [ 1, 21,  1, -1, -1, -1,  3],
       [ 1, 21,  2,  0,  1, 19,  0],
       [ 1, 21,  3,  0,  1,  4,  0]]),
                        spts={'quad': array([[[0.83782797, 0.76479963],
        [0.7818017 , 0.58014363],
        [1.        , 0.75      ],
        [1.        , 0.5       ]],

       [[0.62359953, 0.22794287],
        [0.68074413, 0.41970635],
        [0.49541325, 0.31519935],
        [0.49592129, 0.49379152]],

       [[0.30641017, 0.41891218],
        [0.36671894, 0.22386365],
        [0.49592129, 0.49379152],
        [0.49541325, 0.31519935]],

       [[0.62359953, 0.22794287],
        [0.82341592, 0.18278211],
        [0.68074413, 0.41970635],
        [0.83472002, 0.36749615]],

       [[0.83782797, 0.76479963],
        [0.71431293, 0.82270356],
        [0.7818017 , 0.58014363],
        [0.63002644, 0.6375102 ]],

       [[0.21694446, 0.59326755],
        [0.        , 0.5       ],
        [0.30641017, 0.41891218],
        [0.15453763, 0.36210185]],

       [[0.30641017, 0.41891218],
        [0.49592129, 0.49379152],
        [0.21694446, 0.59326755],
        [0.38534186, 0.6857371 ]],

       [[0.17602583, 0.76842093],
        [0.21694446, 0.59326755],
        [0.32888457, 0.85398126],
        [0.38534186, 0.6857371 ]],

       [[0.        , 0.5       ],
        [0.        , 0.25      ],
        [0.15453763, 0.36210185],
        [0.16878791, 0.18519744]],

       [[0.        , 0.5       ],
        [0.21694446, 0.59326755],
        [0.        , 0.75      ],
        [0.17602583, 0.76842093]],

       [[1.        , 0.5       ],
        [0.83472002, 0.36749615],
        [1.        , 0.25      ],
        [0.82341592, 0.18278211]],

       [[0.5       , 0.        ],
        [0.36671894, 0.22386365],
        [0.25      , 0.        ],
        [0.16878791, 0.18519744]],

       [[0.63002644, 0.6375102 ],
        [0.49592129, 0.49379152],
        [0.7818017 , 0.58014363],
        [0.68074413, 0.41970635]],

       [[0.        , 1.        ],
        [0.        , 0.75      ],
        [0.25      , 1.        ],
        [0.17602583, 0.76842093]],

       [[0.38534186, 0.6857371 ],
        [0.49592129, 0.49379152],
        [0.52285327, 0.80110305],
        [0.63002644, 0.6375102 ]],

       [[1.        , 0.5       ],
        [0.7818017 , 0.58014363],
        [0.83472002, 0.36749615],
        [0.68074413, 0.41970635]],

       [[0.62359953, 0.22794287],
        [0.5       , 0.        ],
        [0.82341592, 0.18278211],
        [0.75      , 0.        ]],

       [[0.5       , 0.        ],
        [0.62359953, 0.22794287],
        [0.36671894, 0.22386365],
        [0.49541325, 0.31519935]],

       [[0.38534186, 0.6857371 ],
        [0.52285327, 0.80110305],
        [0.32888457, 0.85398126],
        [0.5       , 1.        ]],

       [[0.71431293, 0.82270356],
        [0.75      , 1.        ],
        [0.52285327, 0.80110305],
        [0.5       , 1.        ]],

       [[0.15453763, 0.36210185],
        [0.16878791, 0.18519744],
        [0.30641017, 0.41891218],
        [0.36671894, 0.22386365]],

       [[0.83782797, 0.76479963],
        [1.        , 1.        ],
        [0.71431293, 0.82270356],
        [0.75      , 1.        ]]]),
                              'tri': array([[[0.32888457, 0.85398126],
        [0.25      , 1.        ],
        [0.17602583, 0.76842093]],

       [[0.71431293, 0.82270356],
        [0.52285327, 0.80110305],
        [0.63002644, 0.6375102 ]],

       [[0.82341592, 0.18278211],
        [0.75      , 0.        ],
        [1.        , 0.        ]],

       [[0.5       , 1.        ],
        [0.25      , 1.        ],
        [0.32888457, 0.85398126]],

       [[0.        , 0.        ],
        [0.16878791, 0.18519744],
        [0.        , 0.25      ]],

       [[1.        , 1.        ],
        [0.83782797, 0.76479963],
        [1.        , 0.75      ]],

       [[0.16878791, 0.18519744],
        [0.        , 0.        ],
        [0.25      , 0.        ]],

       [[0.82341592, 0.18278211],
        [1.        , 0.        ],
        [1.        , 0.25      ]]])},
                        spts_nodes={'quad': array([[18, 28, 11, 10],
       [26, 29, 27, 31],
       [22, 21, 31, 27],
       [26, 16, 29, 30],
       [18, 19, 28, 32],
       [34,  2, 22, 20],
       [22, 31, 34, 24],
       [33, 34, 25, 24],
       [ 2,  3, 20, 17],
       [ 2, 34,  1, 33],
       [10, 30,  9, 16],
       [ 6, 21,  5, 17],
       [32, 31, 28, 29],
       [ 0,  1, 15, 33],
       [24, 31, 23, 32],
       [10, 28, 30, 29],
       [26,  6, 16,  7],
       [ 6, 26, 21, 27],
       [24, 23, 25, 14],
       [19, 13, 23, 14],
       [20, 17, 22, 21],
       [18, 12, 19, 13]]),
                                    'tri': array([[25, 15, 33],
       [19, 23, 32],
       [16,  7,  8],
       [14, 15, 25],
       [ 4, 17,  3],
       [12, 18, 11],
       [17,  4,  5],
       [16,  8,  9]])},
                        spts_curved={'quad': array([False, False, False, False, False, False, False, False, False,
       False, False, False, False, False, False, False, False, False,
       False, False, False, False]),
                                     'tri': array([False, False, False, False, False, False, False, False])})}
[Rank 0] {0: _SubPartitionedMesh(id=0,
                        etypes=['quad', 'tri'],
                        eidxs_base={'quad': array([ 0,  1,  2,  3,  4,  5,  6,  7,  8,  9, 10, 11, 12, 13, 14, 15, 16,
       17, 18, 19, 20, 21]),
                                    'tri': array([0, 1, 2, 3, 4, 5, 6, 7])},
                        eidxs={'quad': array([ 0,  1,  2,  3,  4,  5,  6,  7,  8,  9, 10, 11, 12, 13, 14, 15, 16,
       17, 18, 19, 20, 21]),
                               'tri': array([0, 1, 2, 3, 4, 5, 6, 7])},
                        conn=array([[ 0,  0,  0,  0,  0,  3,  1],
       [ 0,  0,  1,  0,  1, 13,  2],
       [ 0,  0,  2,  0,  1,  7,  3],
       [ 0,  1,  0,  0,  1, 19,  3],
       [ 0,  1,  1,  0,  1, 14,  2],
       [ 0,  1,  2,  0,  1,  4,  1],
       [ 0,  2,  0,  0,  1, 16,  2],
       [ 0,  2,  1, -1, -1, -1,  0],
       [ 0,  2,  2,  0,  0,  7,  0],
       [ 0,  3,  0, -1, -1, -1,  3],
       [ 0,  3,  1,  0,  0,  0,  0],
       [ 0,  3,  2,  0,  1, 18,  2],
       [ 0,  4,  0,  0,  0,  6,  0],
       [ 0,  4,  1,  0,  1,  8,  1],
       [ 0,  4,  2, -1, -1, -1,  1],
       [ 0,  5,  0,  0,  1, 21,  0],
       [ 0,  5,  1,  0,  1,  0,  3],
       [ 0,  5,  2, -1, -1, -1,  2],
       [ 0,  6,  0,  0,  0,  4,  0],
       [ 0,  6,  1, -1, -1, -1,  0],
       [ 0,  6,  2,  0,  1, 11,  2],
       [ 0,  7,  0,  0,  0,  2,  2],
       [ 0,  7,  1, -1, -1, -1,  2],
       [ 0,  7,  2,  0,  1, 10,  2],
       [ 1,  0,  0,  0,  1,  4,  3],
       [ 1,  0,  1,  0,  1, 15,  0],
       [ 1,  0,  2, -1, -1, -1,  2],
       [ 1,  0,  3,  0,  0,  5,  1],
       [ 1,  1,  0,  0,  1,  3,  3],
       [ 1,  1,  1,  0,  1, 12,  1],
       [ 1,  1,  2,  0,  1,  2,  2],
       [ 1,  1,  3,  0,  1, 17,  1],
       [ 1,  2,  0,  0,  1, 20,  2],
       [ 1,  2,  1,  0,  1, 17,  2],
       [ 1,  2,  2,  0,  1,  1,  2],
       [ 1,  2,  3,  0,  1,  6,  0],
       [ 1,  3,  0,  0,  1, 16,  3],
       [ 1,  3,  1,  0,  1, 10,  1],
       [ 1,  3,  2,  0,  1, 15,  2],
       [ 1,  3,  3,  0,  1,  1,  0],
       [ 1,  4,  0,  0,  1, 21,  3],
       [ 1,  4,  1,  0,  0,  1,  2],
       [ 1,  4,  2,  0,  1, 12,  3],
       [ 1,  4,  3,  0,  1,  0,  0],
       [ 1,  5,  0,  0,  1,  9,  0],
       [ 1,  5,  1,  0,  1,  8,  3],
       [ 1,  5,  2,  0,  1, 20,  3],
       [ 1,  5,  3,  0,  1,  6,  3],
       [ 1,  6,  0,  0,  1,  2,  3],
       [ 1,  6,  1,  0,  1, 14,  0],
       [ 1,  6,  2,  0,  1,  7,  1],
       [ 1,  6,  3,  0,  1,  5,  3],
       [ 1,  7,  0,  0,  1,  9,  1],
       [ 1,  7,  1,  0,  1,  6,  2],
       [ 1,  7,  2,  0,  1, 18,  3],
       [ 1,  7,  3,  0,  0,  0,  2],
       [ 1,  8,  0, -1, -1, -1,  1],
       [ 1,  8,  1,  0,  0,  4,  1],
       [ 1,  8,  2,  0,  1, 20,  0],
       [ 1,  8,  3,  0,  1,  5,  1],
       [ 1,  9,  0,  0,  1,  5,  0],
       [ 1,  9,  1,  0,  1,  7,  0],
       [ 1,  9,  2,  0,  1, 13,  1],
       [ 1,  9,  3, -1, -1, -1,  1],
       [ 1, 10,  0,  0,  1, 15,  3],
       [ 1, 10,  1,  0,  1,  3,  1],
       [ 1, 10,  2,  0,  0,  7,  2],
       [ 1, 10,  3, -1, -1, -1,  2],
       [ 1, 11,  0,  0,  1, 17,  3],
       [ 1, 11,  1,  0,  1, 20,  1],
       [ 1, 11,  2,  0,  0,  6,  2],
       [ 1, 11,  3, -1, -1, -1,  0],
       [ 1, 12,  0,  0,  1, 14,  1],
       [ 1, 12,  1,  0,  1,  1,  1],
       [ 1, 12,  2,  0,  1, 15,  1],
       [ 1, 12,  3,  0,  1,  4,  2],
       [ 1, 13,  0, -1, -1, -1,  1],
       [ 1, 13,  1,  0,  1,  9,  2],
       [ 1, 13,  2,  0,  0,  0,  1],
       [ 1, 13,  3, -1, -1, -1,  3],
       [ 1, 14,  0,  0,  1,  6,  1],
       [ 1, 14,  1,  0,  1, 12,  0],
       [ 1, 14,  2,  0,  0,  1,  1],
       [ 1, 14,  3,  0,  1, 18,  0],
       [ 1, 15,  0,  0,  1,  0,  1],
       [ 1, 15,  1,  0,  1, 12,  2],
       [ 1, 15,  2,  0,  1,  3,  2],
       [ 1, 15,  3,  0,  1, 10,  0],
       [ 1, 16,  0,  0,  1, 17,  0],
       [ 1, 16,  1, -1, -1, -1,  0],
       [ 1, 16,  2,  0,  0,  2,  0],
       [ 1, 16,  3,  0,  1,  3,  0],
       [ 1, 17,  0,  0,  1, 16,  0],
       [ 1, 17,  1,  0,  1,  1,  3],
       [ 1, 17,  2,  0,  1,  2,  1],
       [ 1, 17,  3,  0,  1, 11,  0],
       [ 1, 18,  0,  0,  1, 14,  3],
       [ 1, 18,  1,  0,  1, 19,  2],
       [ 1, 18,  2,  0,  0,  3,  2],
       [ 1, 18,  3,  0,  1,  7,  2],
       [ 1, 19,  0,  0,  1, 21,  2],
       [ 1, 19,  1, -1, -1, -1,  3],
       [ 1, 19,  2,  0,  1, 18,  1],
       [ 1, 19,  3,  0,  0,  1,  0],
       [ 1, 20,  0,  0,  1,  8,  2],
       [ 1, 20,  1,  0,  1, 11,  1],
       [ 1, 20,  2,  0,  1,  2,  0],
       [ 1, 20,  3,  0,  1,  5,  2],
       [ 1, 21,  0,  0,  0,  5,  0],
       [ 1, 21,  1, -1, -1, -1,  3],
       [ 1, 21,  2,  0,  1, 19,  0],
       [ 1, 21,  3,  0,  1,  4,  0]]),
                        spts={'quad': array([[[0.83782797, 0.76479963],
        [0.7818017 , 0.58014363],
        [1.        , 0.75      ],
        [1.        , 0.5       ]],

       [[0.62359953, 0.22794287],
        [0.68074413, 0.41970635],
        [0.49541325, 0.31519935],
        [0.49592129, 0.49379152]],

       [[0.30641017, 0.41891218],
        [0.36671894, 0.22386365],
        [0.49592129, 0.49379152],
        [0.49541325, 0.31519935]],

       [[0.62359953, 0.22794287],
        [0.82341592, 0.18278211],
        [0.68074413, 0.41970635],
        [0.83472002, 0.36749615]],

       [[0.83782797, 0.76479963],
        [0.71431293, 0.82270356],
        [0.7818017 , 0.58014363],
        [0.63002644, 0.6375102 ]],

       [[0.21694446, 0.59326755],
        [0.        , 0.5       ],
        [0.30641017, 0.41891218],
        [0.15453763, 0.36210185]],

       [[0.30641017, 0.41891218],
        [0.49592129, 0.49379152],
        [0.21694446, 0.59326755],
        [0.38534186, 0.6857371 ]],

       [[0.17602583, 0.76842093],
        [0.21694446, 0.59326755],
        [0.32888457, 0.85398126],
        [0.38534186, 0.6857371 ]],

       [[0.        , 0.5       ],
        [0.        , 0.25      ],
        [0.15453763, 0.36210185],
        [0.16878791, 0.18519744]],

       [[0.        , 0.5       ],
        [0.21694446, 0.59326755],
        [0.        , 0.75      ],
        [0.17602583, 0.76842093]],

       [[1.        , 0.5       ],
        [0.83472002, 0.36749615],
        [1.        , 0.25      ],
        [0.82341592, 0.18278211]],

       [[0.5       , 0.        ],
        [0.36671894, 0.22386365],
        [0.25      , 0.        ],
        [0.16878791, 0.18519744]],

       [[0.63002644, 0.6375102 ],
        [0.49592129, 0.49379152],
        [0.7818017 , 0.58014363],
        [0.68074413, 0.41970635]],

       [[0.        , 1.        ],
        [0.        , 0.75      ],
        [0.25      , 1.        ],
        [0.17602583, 0.76842093]],

       [[0.38534186, 0.6857371 ],
        [0.49592129, 0.49379152],
        [0.52285327, 0.80110305],
        [0.63002644, 0.6375102 ]],

       [[1.        , 0.5       ],
        [0.7818017 , 0.58014363],
        [0.83472002, 0.36749615],
        [0.68074413, 0.41970635]],

       [[0.62359953, 0.22794287],
        [0.5       , 0.        ],
        [0.82341592, 0.18278211],
        [0.75      , 0.        ]],

       [[0.5       , 0.        ],
        [0.62359953, 0.22794287],
        [0.36671894, 0.22386365],
        [0.49541325, 0.31519935]],

       [[0.38534186, 0.6857371 ],
        [0.52285327, 0.80110305],
        [0.32888457, 0.85398126],
        [0.5       , 1.        ]],

       [[0.71431293, 0.82270356],
        [0.75      , 1.        ],
        [0.52285327, 0.80110305],
        [0.5       , 1.        ]],

       [[0.15453763, 0.36210185],
        [0.16878791, 0.18519744],
        [0.30641017, 0.41891218],
        [0.36671894, 0.22386365]],

       [[0.83782797, 0.76479963],
        [1.        , 1.        ],
        [0.71431293, 0.82270356],
        [0.75      , 1.        ]]]),
                              'tri': array([[[0.32888457, 0.85398126],
        [0.25      , 1.        ],
        [0.17602583, 0.76842093]],

       [[0.71431293, 0.82270356],
        [0.52285327, 0.80110305],
        [0.63002644, 0.6375102 ]],

       [[0.82341592, 0.18278211],
        [0.75      , 0.        ],
        [1.        , 0.        ]],

       [[0.5       , 1.        ],
        [0.25      , 1.        ],
        [0.32888457, 0.85398126]],

       [[0.        , 0.        ],
        [0.16878791, 0.18519744],
        [0.        , 0.25      ]],

       [[1.        , 1.        ],
        [0.83782797, 0.76479963],
        [1.        , 0.75      ]],

       [[0.16878791, 0.18519744],
        [0.        , 0.        ],
        [0.25      , 0.        ]],

       [[0.82341592, 0.18278211],
        [1.        , 0.        ],
        [1.        , 0.25      ]]])},
                        spts_nodes={'quad': array([[18, 28, 11, 10],
       [26, 29, 27, 31],
       [22, 21, 31, 27],
       [26, 16, 29, 30],
       [18, 19, 28, 32],
       [34,  2, 22, 20],
       [22, 31, 34, 24],
       [33, 34, 25, 24],
       [ 2,  3, 20, 17],
       [ 2, 34,  1, 33],
       [10, 30,  9, 16],
       [ 6, 21,  5, 17],
       [32, 31, 28, 29],
       [ 0,  1, 15, 33],
       [24, 31, 23, 32],
       [10, 28, 30, 29],
       [26,  6, 16,  7],
       [ 6, 26, 21, 27],
       [24, 23, 25, 14],
       [19, 13, 23, 14],
       [20, 17, 22, 21],
       [18, 12, 19, 13]]),
                                    'tri': array([[25, 15, 33],
       [19, 23, 32],
       [16,  7,  8],
       [14, 15, 25],
       [ 4, 17,  3],
       [12, 18, 11],
       [17,  4,  5],
       [16,  8,  9]])},
                        spts_curved={'quad': array([False, False, False, False, False, False, False, False, False,
       False, False, False, False, False, False, False, False, False,
       False, False, False, False]),
                                     'tri': array([False, False, False, False, False, False, False, False])})}
[Rank 0] {0: _SubPartitionedMesh(id=0,
                        etypes=['quad', 'tri'],
                        eidxs_base={'quad': array([ 0,  1,  2,  3,  4,  5,  6,  7,  8,  9, 10, 11, 12, 13, 14, 15, 16,
       17, 18, 19, 20, 21]),
                                    'tri': array([0, 1, 2, 3, 4, 5, 6, 7])},
                        eidxs={'quad': array([ 0,  1,  2,  3,  4,  5,  6,  7,  8,  9, 10, 11, 12, 13, 14, 15, 16,
       17, 18, 19, 20, 21]),
                               'tri': array([0, 1, 2, 3, 4, 5, 6, 7])},
                        conn=array([[ 0,  0,  0,  0,  0,  3,  1],
       [ 0,  0,  1,  0,  1, 13,  2],
       [ 0,  0,  2,  0,  1,  7,  3],
       [ 0,  1,  0,  0,  1, 19,  3],
       [ 0,  1,  1,  0,  1, 14,  2],
       [ 0,  1,  2,  0,  1,  4,  1],
       [ 0,  2,  0,  0,  1, 16,  2],
       [ 0,  2,  1, -1, -1, -1,  0],
       [ 0,  2,  2,  0,  0,  7,  0],
       [ 0,  3,  0, -1, -1, -1,  3],
       [ 0,  3,  1,  0,  0,  0,  0],
       [ 0,  3,  2,  0,  1, 18,  2],
       [ 0,  4,  0,  0,  0,  6,  0],
       [ 0,  4,  1,  0,  1,  8,  1],
       [ 0,  4,  2, -1, -1, -1,  1],
       [ 0,  5,  0,  0,  1, 21,  0],
       [ 0,  5,  1,  0,  1,  0,  3],
       [ 0,  5,  2, -1, -1, -1,  2],
       [ 0,  6,  0,  0,  0,  4,  0],
       [ 0,  6,  1, -1, -1, -1,  0],
       [ 0,  6,  2,  0,  1, 11,  2],
       [ 0,  7,  0,  0,  0,  2,  2],
       [ 0,  7,  1, -1, -1, -1,  2],
       [ 0,  7,  2,  0,  1, 10,  2],
       [ 1,  0,  0,  0,  1,  4,  3],
       [ 1,  0,  1,  0,  1, 15,  0],
       [ 1,  0,  2, -1, -1, -1,  2],
       [ 1,  0,  3,  0,  0,  5,  1],
       [ 1,  1,  0,  0,  1,  3,  3],
       [ 1,  1,  1,  0,  1, 12,  1],
       [ 1,  1,  2,  0,  1,  2,  2],
       [ 1,  1,  3,  0,  1, 17,  1],
       [ 1,  2,  0,  0,  1, 20,  2],
       [ 1,  2,  1,  0,  1, 17,  2],
       [ 1,  2,  2,  0,  1,  1,  2],
       [ 1,  2,  3,  0,  1,  6,  0],
       [ 1,  3,  0,  0,  1, 16,  3],
       [ 1,  3,  1,  0,  1, 10,  1],
       [ 1,  3,  2,  0,  1, 15,  2],
       [ 1,  3,  3,  0,  1,  1,  0],
       [ 1,  4,  0,  0,  1, 21,  3],
       [ 1,  4,  1,  0,  0,  1,  2],
       [ 1,  4,  2,  0,  1, 12,  3],
       [ 1,  4,  3,  0,  1,  0,  0],
       [ 1,  5,  0,  0,  1,  9,  0],
       [ 1,  5,  1,  0,  1,  8,  3],
       [ 1,  5,  2,  0,  1, 20,  3],
       [ 1,  5,  3,  0,  1,  6,  3],
       [ 1,  6,  0,  0,  1,  2,  3],
       [ 1,  6,  1,  0,  1, 14,  0],
       [ 1,  6,  2,  0,  1,  7,  1],
       [ 1,  6,  3,  0,  1,  5,  3],
       [ 1,  7,  0,  0,  1,  9,  1],
       [ 1,  7,  1,  0,  1,  6,  2],
       [ 1,  7,  2,  0,  1, 18,  3],
       [ 1,  7,  3,  0,  0,  0,  2],
       [ 1,  8,  0, -1, -1, -1,  1],
       [ 1,  8,  1,  0,  0,  4,  1],
       [ 1,  8,  2,  0,  1, 20,  0],
       [ 1,  8,  3,  0,  1,  5,  1],
       [ 1,  9,  0,  0,  1,  5,  0],
       [ 1,  9,  1,  0,  1,  7,  0],
       [ 1,  9,  2,  0,  1, 13,  1],
       [ 1,  9,  3, -1, -1, -1,  1],
       [ 1, 10,  0,  0,  1, 15,  3],
       [ 1, 10,  1,  0,  1,  3,  1],
       [ 1, 10,  2,  0,  0,  7,  2],
       [ 1, 10,  3, -1, -1, -1,  2],
       [ 1, 11,  0,  0,  1, 17,  3],
       [ 1, 11,  1,  0,  1, 20,  1],
       [ 1, 11,  2,  0,  0,  6,  2],
       [ 1, 11,  3, -1, -1, -1,  0],
       [ 1, 12,  0,  0,  1, 14,  1],
       [ 1, 12,  1,  0,  1,  1,  1],
       [ 1, 12,  2,  0,  1, 15,  1],
       [ 1, 12,  3,  0,  1,  4,  2],
       [ 1, 13,  0, -1, -1, -1,  1],
       [ 1, 13,  1,  0,  1,  9,  2],
       [ 1, 13,  2,  0,  0,  0,  1],
       [ 1, 13,  3, -1, -1, -1,  3],
       [ 1, 14,  0,  0,  1,  6,  1],
       [ 1, 14,  1,  0,  1, 12,  0],
       [ 1, 14,  2,  0,  0,  1,  1],
       [ 1, 14,  3,  0,  1, 18,  0],
       [ 1, 15,  0,  0,  1,  0,  1],
       [ 1, 15,  1,  0,  1, 12,  2],
       [ 1, 15,  2,  0,  1,  3,  2],
       [ 1, 15,  3,  0,  1, 10,  0],
       [ 1, 16,  0,  0,  1, 17,  0],
       [ 1, 16,  1, -1, -1, -1,  0],
       [ 1, 16,  2,  0,  0,  2,  0],
       [ 1, 16,  3,  0,  1,  3,  0],
       [ 1, 17,  0,  0,  1, 16,  0],
       [ 1, 17,  1,  0,  1,  1,  3],
       [ 1, 17,  2,  0,  1,  2,  1],
       [ 1, 17,  3,  0,  1, 11,  0],
       [ 1, 18,  0,  0,  1, 14,  3],
       [ 1, 18,  1,  0,  1, 19,  2],
       [ 1, 18,  2,  0,  0,  3,  2],
       [ 1, 18,  3,  0,  1,  7,  2],
       [ 1, 19,  0,  0,  1, 21,  2],
       [ 1, 19,  1, -1, -1, -1,  3],
       [ 1, 19,  2,  0,  1, 18,  1],
       [ 1, 19,  3,  0,  0,  1,  0],
       [ 1, 20,  0,  0,  1,  8,  2],
       [ 1, 20,  1,  0,  1, 11,  1],
       [ 1, 20,  2,  0,  1,  2,  0],
       [ 1, 20,  3,  0,  1,  5,  2],
       [ 1, 21,  0,  0,  0,  5,  0],
       [ 1, 21,  1, -1, -1, -1,  3],
       [ 1, 21,  2,  0,  1, 19,  0],
       [ 1, 21,  3,  0,  1,  4,  0]]),
                        spts={'quad': array([[[0.83782797, 0.76479963],
        [0.7818017 , 0.58014363],
        [1.        , 0.75      ],
        [1.        , 0.5       ]],

       [[0.62359953, 0.22794287],
        [0.68074413, 0.41970635],
        [0.49541325, 0.31519935],
        [0.49592129, 0.49379152]],

       [[0.30641017, 0.41891218],
        [0.36671894, 0.22386365],
        [0.49592129, 0.49379152],
        [0.49541325, 0.31519935]],

       [[0.62359953, 0.22794287],
        [0.82341592, 0.18278211],
        [0.68074413, 0.41970635],
        [0.83472002, 0.36749615]],

       [[0.83782797, 0.76479963],
        [0.71431293, 0.82270356],
        [0.7818017 , 0.58014363],
        [0.63002644, 0.6375102 ]],

       [[0.21694446, 0.59326755],
        [0.        , 0.5       ],
        [0.30641017, 0.41891218],
        [0.15453763, 0.36210185]],

       [[0.30641017, 0.41891218],
        [0.49592129, 0.49379152],
        [0.21694446, 0.59326755],
        [0.38534186, 0.6857371 ]],

       [[0.17602583, 0.76842093],
        [0.21694446, 0.59326755],
        [0.32888457, 0.85398126],
        [0.38534186, 0.6857371 ]],

       [[0.        , 0.5       ],
        [0.        , 0.25      ],
        [0.15453763, 0.36210185],
        [0.16878791, 0.18519744]],

       [[0.        , 0.5       ],
        [0.21694446, 0.59326755],
        [0.        , 0.75      ],
        [0.17602583, 0.76842093]],

       [[1.        , 0.5       ],
        [0.83472002, 0.36749615],
        [1.        , 0.25      ],
        [0.82341592, 0.18278211]],

       [[0.5       , 0.        ],
        [0.36671894, 0.22386365],
        [0.25      , 0.        ],
        [0.16878791, 0.18519744]],

       [[0.63002644, 0.6375102 ],
        [0.49592129, 0.49379152],
        [0.7818017 , 0.58014363],
        [0.68074413, 0.41970635]],

       [[0.        , 1.        ],
        [0.        , 0.75      ],
        [0.25      , 1.        ],
        [0.17602583, 0.76842093]],

       [[0.38534186, 0.6857371 ],
        [0.49592129, 0.49379152],
        [0.52285327, 0.80110305],
        [0.63002644, 0.6375102 ]],

       [[1.        , 0.5       ],
        [0.7818017 , 0.58014363],
        [0.83472002, 0.36749615],
        [0.68074413, 0.41970635]],

       [[0.62359953, 0.22794287],
        [0.5       , 0.        ],
        [0.82341592, 0.18278211],
        [0.75      , 0.        ]],

       [[0.5       , 0.        ],
        [0.62359953, 0.22794287],
        [0.36671894, 0.22386365],
        [0.49541325, 0.31519935]],

       [[0.38534186, 0.6857371 ],
        [0.52285327, 0.80110305],
        [0.32888457, 0.85398126],
        [0.5       , 1.        ]],

       [[0.71431293, 0.82270356],
        [0.75      , 1.        ],
        [0.52285327, 0.80110305],
        [0.5       , 1.        ]],

       [[0.15453763, 0.36210185],
        [0.16878791, 0.18519744],
        [0.30641017, 0.41891218],
        [0.36671894, 0.22386365]],

       [[0.83782797, 0.76479963],
        [1.        , 1.        ],
        [0.71431293, 0.82270356],
        [0.75      , 1.        ]]]),
                              'tri': array([[[0.32888457, 0.85398126],
        [0.25      , 1.        ],
        [0.17602583, 0.76842093]],

       [[0.71431293, 0.82270356],
        [0.52285327, 0.80110305],
        [0.63002644, 0.6375102 ]],

       [[0.82341592, 0.18278211],
        [0.75      , 0.        ],
        [1.        , 0.        ]],

       [[0.5       , 1.        ],
        [0.25      , 1.        ],
        [0.32888457, 0.85398126]],

       [[0.        , 0.        ],
        [0.16878791, 0.18519744],
        [0.        , 0.25      ]],

       [[1.        , 1.        ],
        [0.83782797, 0.76479963],
        [1.        , 0.75      ]],

       [[0.16878791, 0.18519744],
        [0.        , 0.        ],
        [0.25      , 0.        ]],

       [[0.82341592, 0.18278211],
        [1.        , 0.        ],
        [1.        , 0.25      ]]])},
                        spts_nodes={'quad': array([[18, 28, 11, 10],
       [26, 29, 27, 31],
       [22, 21, 31, 27],
       [26, 16, 29, 30],
       [18, 19, 28, 32],
       [34,  2, 22, 20],
       [22, 31, 34, 24],
       [33, 34, 25, 24],
       [ 2,  3, 20, 17],
       [ 2, 34,  1, 33],
       [10, 30,  9, 16],
       [ 6, 21,  5, 17],
       [32, 31, 28, 29],
       [ 0,  1, 15, 33],
       [24, 31, 23, 32],
       [10, 28, 30, 29],
       [26,  6, 16,  7],
       [ 6, 26, 21, 27],
       [24, 23, 25, 14],
       [19, 13, 23, 14],
       [20, 17, 22, 21],
       [18, 12, 19, 13]]),
                                    'tri': array([[25, 15, 33],
       [19, 23, 32],
       [16,  7,  8],
       [14, 15, 25],
       [ 4, 17,  3],
       [12, 18, 11],
       [17,  4,  5],
       [16,  8,  9]])},
                        spts_curved={'quad': array([False, False, False, False, False, False, False, False, False,
       False, False, False, False, False, False, False, False, False,
       False, False, False, False]),
                                     'tri': array([False, False, False, False, False, False, False, False])})}
[Rank 0] {0: _SubPartitionedMesh(id=0,
                        etypes=['quad', 'tri'],
                        eidxs_base={'quad': array([ 0,  1,  2,  3,  4,  5,  6,  7,  8,  9, 10, 11, 12, 13, 14, 15, 16,
       17, 18, 19, 20, 21]),
                                    'tri': array([0, 1, 2, 3, 4, 5, 6, 7])},
                        eidxs={'quad': array([ 0,  1,  2,  3,  4,  5,  6,  7,  8,  9, 10, 11, 12, 13, 14, 15, 16,
       17, 18, 19, 20, 21]),
                               'tri': array([0, 1, 2, 3, 4, 5, 6, 7])},
                        conn=array([[ 0,  0,  0,  0,  0,  3,  1],
       [ 0,  0,  1,  0,  1, 13,  2],
       [ 0,  0,  2,  0,  1,  7,  3],
       [ 0,  1,  0,  0,  1, 19,  3],
       [ 0,  1,  1,  0,  1, 14,  2],
       [ 0,  1,  2,  0,  1,  4,  1],
       [ 0,  2,  0,  0,  1, 16,  2],
       [ 0,  2,  1, -1, -1, -1,  0],
       [ 0,  2,  2,  0,  0,  7,  0],
       [ 0,  3,  0, -1, -1, -1,  3],
       [ 0,  3,  1,  0,  0,  0,  0],
       [ 0,  3,  2,  0,  1, 18,  2],
       [ 0,  4,  0,  0,  0,  6,  0],
       [ 0,  4,  1,  0,  1,  8,  1],
       [ 0,  4,  2, -1, -1, -1,  1],
       [ 0,  5,  0,  0,  1, 21,  0],
       [ 0,  5,  1,  0,  1,  0,  3],
       [ 0,  5,  2, -1, -1, -1,  2],
       [ 0,  6,  0,  0,  0,  4,  0],
       [ 0,  6,  1, -1, -1, -1,  0],
       [ 0,  6,  2,  0,  1, 11,  2],
       [ 0,  7,  0,  0,  0,  2,  2],
       [ 0,  7,  1, -1, -1, -1,  2],
       [ 0,  7,  2,  0,  1, 10,  2],
       [ 1,  0,  0,  0,  1,  4,  3],
       [ 1,  0,  1,  0,  1, 15,  0],
       [ 1,  0,  2, -1, -1, -1,  2],
       [ 1,  0,  3,  0,  0,  5,  1],
       [ 1,  1,  0,  0,  1,  3,  3],
       [ 1,  1,  1,  0,  1, 12,  1],
       [ 1,  1,  2,  0,  1,  2,  2],
       [ 1,  1,  3,  0,  1, 17,  1],
       [ 1,  2,  0,  0,  1, 20,  2],
       [ 1,  2,  1,  0,  1, 17,  2],
       [ 1,  2,  2,  0,  1,  1,  2],
       [ 1,  2,  3,  0,  1,  6,  0],
       [ 1,  3,  0,  0,  1, 16,  3],
       [ 1,  3,  1,  0,  1, 10,  1],
       [ 1,  3,  2,  0,  1, 15,  2],
       [ 1,  3,  3,  0,  1,  1,  0],
       [ 1,  4,  0,  0,  1, 21,  3],
       [ 1,  4,  1,  0,  0,  1,  2],
       [ 1,  4,  2,  0,  1, 12,  3],
       [ 1,  4,  3,  0,  1,  0,  0],
       [ 1,  5,  0,  0,  1,  9,  0],
       [ 1,  5,  1,  0,  1,  8,  3],
       [ 1,  5,  2,  0,  1, 20,  3],
       [ 1,  5,  3,  0,  1,  6,  3],
       [ 1,  6,  0,  0,  1,  2,  3],
       [ 1,  6,  1,  0,  1, 14,  0],
       [ 1,  6,  2,  0,  1,  7,  1],
       [ 1,  6,  3,  0,  1,  5,  3],
       [ 1,  7,  0,  0,  1,  9,  1],
       [ 1,  7,  1,  0,  1,  6,  2],
       [ 1,  7,  2,  0,  1, 18,  3],
       [ 1,  7,  3,  0,  0,  0,  2],
       [ 1,  8,  0, -1, -1, -1,  1],
       [ 1,  8,  1,  0,  0,  4,  1],
       [ 1,  8,  2,  0,  1, 20,  0],
       [ 1,  8,  3,  0,  1,  5,  1],
       [ 1,  9,  0,  0,  1,  5,  0],
       [ 1,  9,  1,  0,  1,  7,  0],
       [ 1,  9,  2,  0,  1, 13,  1],
       [ 1,  9,  3, -1, -1, -1,  1],
       [ 1, 10,  0,  0,  1, 15,  3],
       [ 1, 10,  1,  0,  1,  3,  1],
       [ 1, 10,  2,  0,  0,  7,  2],
       [ 1, 10,  3, -1, -1, -1,  2],
       [ 1, 11,  0,  0,  1, 17,  3],
       [ 1, 11,  1,  0,  1, 20,  1],
       [ 1, 11,  2,  0,  0,  6,  2],
       [ 1, 11,  3, -1, -1, -1,  0],
       [ 1, 12,  0,  0,  1, 14,  1],
       [ 1, 12,  1,  0,  1,  1,  1],
       [ 1, 12,  2,  0,  1, 15,  1],
       [ 1, 12,  3,  0,  1,  4,  2],
       [ 1, 13,  0, -1, -1, -1,  1],
       [ 1, 13,  1,  0,  1,  9,  2],
       [ 1, 13,  2,  0,  0,  0,  1],
       [ 1, 13,  3, -1, -1, -1,  3],
       [ 1, 14,  0,  0,  1,  6,  1],
       [ 1, 14,  1,  0,  1, 12,  0],
       [ 1, 14,  2,  0,  0,  1,  1],
       [ 1, 14,  3,  0,  1, 18,  0],
       [ 1, 15,  0,  0,  1,  0,  1],
       [ 1, 15,  1,  0,  1, 12,  2],
       [ 1, 15,  2,  0,  1,  3,  2],
       [ 1, 15,  3,  0,  1, 10,  0],
       [ 1, 16,  0,  0,  1, 17,  0],
       [ 1, 16,  1, -1, -1, -1,  0],
       [ 1, 16,  2,  0,  0,  2,  0],
       [ 1, 16,  3,  0,  1,  3,  0],
       [ 1, 17,  0,  0,  1, 16,  0],
       [ 1, 17,  1,  0,  1,  1,  3],
       [ 1, 17,  2,  0,  1,  2,  1],
       [ 1, 17,  3,  0,  1, 11,  0],
       [ 1, 18,  0,  0,  1, 14,  3],
       [ 1, 18,  1,  0,  1, 19,  2],
       [ 1, 18,  2,  0,  0,  3,  2],
       [ 1, 18,  3,  0,  1,  7,  2],
       [ 1, 19,  0,  0,  1, 21,  2],
       [ 1, 19,  1, -1, -1, -1,  3],
       [ 1, 19,  2,  0,  1, 18,  1],
       [ 1, 19,  3,  0,  0,  1,  0],
       [ 1, 20,  0,  0,  1,  8,  2],
       [ 1, 20,  1,  0,  1, 11,  1],
       [ 1, 20,  2,  0,  1,  2,  0],
       [ 1, 20,  3,  0,  1,  5,  2],
       [ 1, 21,  0,  0,  0,  5,  0],
       [ 1, 21,  1, -1, -1, -1,  3],
       [ 1, 21,  2,  0,  1, 19,  0],
       [ 1, 21,  3,  0,  1,  4,  0]]),
                        spts={'quad': array([[[0.83782797, 0.76479963],
        [0.7818017 , 0.58014363],
        [1.        , 0.75      ],
        [1.        , 0.5       ]],

       [[0.62359953, 0.22794287],
        [0.68074413, 0.41970635],
        [0.49541325, 0.31519935],
        [0.49592129, 0.49379152]],

       [[0.30641017, 0.41891218],
        [0.36671894, 0.22386365],
        [0.49592129, 0.49379152],
        [0.49541325, 0.31519935]],

       [[0.62359953, 0.22794287],
        [0.82341592, 0.18278211],
        [0.68074413, 0.41970635],
        [0.83472002, 0.36749615]],

       [[0.83782797, 0.76479963],
        [0.71431293, 0.82270356],
        [0.7818017 , 0.58014363],
        [0.63002644, 0.6375102 ]],

       [[0.21694446, 0.59326755],
        [0.        , 0.5       ],
        [0.30641017, 0.41891218],
        [0.15453763, 0.36210185]],

       [[0.30641017, 0.41891218],
        [0.49592129, 0.49379152],
        [0.21694446, 0.59326755],
        [0.38534186, 0.6857371 ]],

       [[0.17602583, 0.76842093],
        [0.21694446, 0.59326755],
        [0.32888457, 0.85398126],
        [0.38534186, 0.6857371 ]],

       [[0.        , 0.5       ],
        [0.        , 0.25      ],
        [0.15453763, 0.36210185],
        [0.16878791, 0.18519744]],

       [[0.        , 0.5       ],
        [0.21694446, 0.59326755],
        [0.        , 0.75      ],
        [0.17602583, 0.76842093]],

       [[1.        , 0.5       ],
        [0.83472002, 0.36749615],
        [1.        , 0.25      ],
        [0.82341592, 0.18278211]],

       [[0.5       , 0.        ],
        [0.36671894, 0.22386365],
        [0.25      , 0.        ],
        [0.16878791, 0.18519744]],

       [[0.63002644, 0.6375102 ],
        [0.49592129, 0.49379152],
        [0.7818017 , 0.58014363],
        [0.68074413, 0.41970635]],

       [[0.        , 1.        ],
        [0.        , 0.75      ],
        [0.25      , 1.        ],
        [0.17602583, 0.76842093]],

       [[0.38534186, 0.6857371 ],
        [0.49592129, 0.49379152],
        [0.52285327, 0.80110305],
        [0.63002644, 0.6375102 ]],

       [[1.        , 0.5       ],
        [0.7818017 , 0.58014363],
        [0.83472002, 0.36749615],
        [0.68074413, 0.41970635]],

       [[0.62359953, 0.22794287],
        [0.5       , 0.        ],
        [0.82341592, 0.18278211],
        [0.75      , 0.        ]],

       [[0.5       , 0.        ],
        [0.62359953, 0.22794287],
        [0.36671894, 0.22386365],
        [0.49541325, 0.31519935]],

       [[0.38534186, 0.6857371 ],
        [0.52285327, 0.80110305],
        [0.32888457, 0.85398126],
        [0.5       , 1.        ]],

       [[0.71431293, 0.82270356],
        [0.75      , 1.        ],
        [0.52285327, 0.80110305],
        [0.5       , 1.        ]],

       [[0.15453763, 0.36210185],
        [0.16878791, 0.18519744],
        [0.30641017, 0.41891218],
        [0.36671894, 0.22386365]],

       [[0.83782797, 0.76479963],
        [1.        , 1.        ],
        [0.71431293, 0.82270356],
        [0.75      , 1.        ]]]),
                              'tri': array([[[0.32888457, 0.85398126],
        [0.25      , 1.        ],
        [0.17602583, 0.76842093]],

       [[0.71431293, 0.82270356],
        [0.52285327, 0.80110305],
        [0.63002644, 0.6375102 ]],

       [[0.82341592, 0.18278211],
        [0.75      , 0.        ],
        [1.        , 0.        ]],

       [[0.5       , 1.        ],
        [0.25      , 1.        ],
        [0.32888457, 0.85398126]],

       [[0.        , 0.        ],
        [0.16878791, 0.18519744],
        [0.        , 0.25      ]],

       [[1.        , 1.        ],
        [0.83782797, 0.76479963],
        [1.        , 0.75      ]],

       [[0.16878791, 0.18519744],
        [0.        , 0.        ],
        [0.25      , 0.        ]],

       [[0.82341592, 0.18278211],
        [1.        , 0.        ],
        [1.        , 0.25      ]]])},
                        spts_nodes={'quad': array([[18, 28, 11, 10],
       [26, 29, 27, 31],
       [22, 21, 31, 27],
       [26, 16, 29, 30],
       [18, 19, 28, 32],
       [34,  2, 22, 20],
       [22, 31, 34, 24],
       [33, 34, 25, 24],
       [ 2,  3, 20, 17],
       [ 2, 34,  1, 33],
       [10, 30,  9, 16],
       [ 6, 21,  5, 17],
       [32, 31, 28, 29],
       [ 0,  1, 15, 33],
       [24, 31, 23, 32],
       [10, 28, 30, 29],
       [26,  6, 16,  7],
       [ 6, 26, 21, 27],
       [24, 23, 25, 14],
       [19, 13, 23, 14],
       [20, 17, 22, 21],
       [18, 12, 19, 13]]),
                                    'tri': array([[25, 15, 33],
       [19, 23, 32],
       [16,  7,  8],
       [14, 15, 25],
       [ 4, 17,  3],
       [12, 18, 11],
       [17,  4,  5],
       [16,  8,  9]])},
                        spts_curved={'quad': array([False, False, False, False, False, False, False, False, False,
       False, False, False, False, False, False, False, False, False,
       False, False, False, False]),
                                     'tri': array([False, False, False, False, False, False, False, False])})}
[Rank 0] {0: _SubPartitionedMesh(etypes=['quad', 'tri'],
                        eidxs_base={'quad': array([ 0,  1,  2,  3,  4,  5,  6,  7,  8,  9, 10, 11, 12, 13, 14, 15, 16,
       17, 18, 19, 20, 21]),
                                    'tri': array([0, 1, 2, 3, 4, 5, 6, 7])},
                        eidxs={'quad': array([ 0,  1,  2,  3,  4,  5,  6,  7,  8,  9, 10, 11, 12, 13, 14, 15, 16,
       17, 18, 19, 20, 21]),
                               'tri': array([0, 1, 2, 3, 4, 5, 6, 7])},
                        conn=array([[ 0,  0,  0,  0,  0,  3,  1],
       [ 0,  0,  1,  0,  1, 13,  2],
       [ 0,  0,  2,  0,  1,  7,  3],
       [ 0,  1,  0,  0,  1, 19,  3],
       [ 0,  1,  1,  0,  1, 14,  2],
       [ 0,  1,  2,  0,  1,  4,  1],
       [ 0,  2,  0,  0,  1, 16,  2],
       [ 0,  2,  1, -1, -1, -1,  0],
       [ 0,  2,  2,  0,  0,  7,  0],
       [ 0,  3,  0, -1, -1, -1,  3],
       [ 0,  3,  1,  0,  0,  0,  0],
       [ 0,  3,  2,  0,  1, 18,  2],
       [ 0,  4,  0,  0,  0,  6,  0],
       [ 0,  4,  1,  0,  1,  8,  1],
       [ 0,  4,  2, -1, -1, -1,  1],
       [ 0,  5,  0,  0,  1, 21,  0],
       [ 0,  5,  1,  0,  1,  0,  3],
       [ 0,  5,  2, -1, -1, -1,  2],
       [ 0,  6,  0,  0,  0,  4,  0],
       [ 0,  6,  1, -1, -1, -1,  0],
       [ 0,  6,  2,  0,  1, 11,  2],
       [ 0,  7,  0,  0,  0,  2,  2],
       [ 0,  7,  1, -1, -1, -1,  2],
       [ 0,  7,  2,  0,  1, 10,  2],
       [ 1,  0,  0,  0,  1,  4,  3],
       [ 1,  0,  1,  0,  1, 15,  0],
       [ 1,  0,  2, -1, -1, -1,  2],
       [ 1,  0,  3,  0,  0,  5,  1],
       [ 1,  1,  0,  0,  1,  3,  3],
       [ 1,  1,  1,  0,  1, 12,  1],
       [ 1,  1,  2,  0,  1,  2,  2],
       [ 1,  1,  3,  0,  1, 17,  1],
       [ 1,  2,  0,  0,  1, 20,  2],
       [ 1,  2,  1,  0,  1, 17,  2],
       [ 1,  2,  2,  0,  1,  1,  2],
       [ 1,  2,  3,  0,  1,  6,  0],
       [ 1,  3,  0,  0,  1, 16,  3],
       [ 1,  3,  1,  0,  1, 10,  1],
       [ 1,  3,  2,  0,  1, 15,  2],
       [ 1,  3,  3,  0,  1,  1,  0],
       [ 1,  4,  0,  0,  1, 21,  3],
       [ 1,  4,  1,  0,  0,  1,  2],
       [ 1,  4,  2,  0,  1, 12,  3],
       [ 1,  4,  3,  0,  1,  0,  0],
       [ 1,  5,  0,  0,  1,  9,  0],
       [ 1,  5,  1,  0,  1,  8,  3],
       [ 1,  5,  2,  0,  1, 20,  3],
       [ 1,  5,  3,  0,  1,  6,  3],
       [ 1,  6,  0,  0,  1,  2,  3],
       [ 1,  6,  1,  0,  1, 14,  0],
       [ 1,  6,  2,  0,  1,  7,  1],
       [ 1,  6,  3,  0,  1,  5,  3],
       [ 1,  7,  0,  0,  1,  9,  1],
       [ 1,  7,  1,  0,  1,  6,  2],
       [ 1,  7,  2,  0,  1, 18,  3],
       [ 1,  7,  3,  0,  0,  0,  2],
       [ 1,  8,  0, -1, -1, -1,  1],
       [ 1,  8,  1,  0,  0,  4,  1],
       [ 1,  8,  2,  0,  1, 20,  0],
       [ 1,  8,  3,  0,  1,  5,  1],
       [ 1,  9,  0,  0,  1,  5,  0],
       [ 1,  9,  1,  0,  1,  7,  0],
       [ 1,  9,  2,  0,  1, 13,  1],
       [ 1,  9,  3, -1, -1, -1,  1],
       [ 1, 10,  0,  0,  1, 15,  3],
       [ 1, 10,  1,  0,  1,  3,  1],
       [ 1, 10,  2,  0,  0,  7,  2],
       [ 1, 10,  3, -1, -1, -1,  2],
       [ 1, 11,  0,  0,  1, 17,  3],
       [ 1, 11,  1,  0,  1, 20,  1],
       [ 1, 11,  2,  0,  0,  6,  2],
       [ 1, 11,  3, -1, -1, -1,  0],
       [ 1, 12,  0,  0,  1, 14,  1],
       [ 1, 12,  1,  0,  1,  1,  1],
       [ 1, 12,  2,  0,  1, 15,  1],
       [ 1, 12,  3,  0,  1,  4,  2],
       [ 1, 13,  0, -1, -1, -1,  1],
       [ 1, 13,  1,  0,  1,  9,  2],
       [ 1, 13,  2,  0,  0,  0,  1],
       [ 1, 13,  3, -1, -1, -1,  3],
       [ 1, 14,  0,  0,  1,  6,  1],
       [ 1, 14,  1,  0,  1, 12,  0],
       [ 1, 14,  2,  0,  0,  1,  1],
       [ 1, 14,  3,  0,  1, 18,  0],
       [ 1, 15,  0,  0,  1,  0,  1],
       [ 1, 15,  1,  0,  1, 12,  2],
       [ 1, 15,  2,  0,  1,  3,  2],
       [ 1, 15,  3,  0,  1, 10,  0],
       [ 1, 16,  0,  0,  1, 17,  0],
       [ 1, 16,  1, -1, -1, -1,  0],
       [ 1, 16,  2,  0,  0,  2,  0],
       [ 1, 16,  3,  0,  1,  3,  0],
       [ 1, 17,  0,  0,  1, 16,  0],
       [ 1, 17,  1,  0,  1,  1,  3],
       [ 1, 17,  2,  0,  1,  2,  1],
       [ 1, 17,  3,  0,  1, 11,  0],
       [ 1, 18,  0,  0,  1, 14,  3],
       [ 1, 18,  1,  0,  1, 19,  2],
       [ 1, 18,  2,  0,  0,  3,  2],
       [ 1, 18,  3,  0,  1,  7,  2],
       [ 1, 19,  0,  0,  1, 21,  2],
       [ 1, 19,  1, -1, -1, -1,  3],
       [ 1, 19,  2,  0,  1, 18,  1],
       [ 1, 19,  3,  0,  0,  1,  0],
       [ 1, 20,  0,  0,  1,  8,  2],
       [ 1, 20,  1,  0,  1, 11,  1],
       [ 1, 20,  2,  0,  1,  2,  0],
       [ 1, 20,  3,  0,  1,  5,  2],
       [ 1, 21,  0,  0,  0,  5,  0],
       [ 1, 21,  1, -1, -1, -1,  3],
       [ 1, 21,  2,  0,  1, 19,  0],
       [ 1, 21,  3,  0,  1,  4,  0]]),
                        spts={'quad': array([[[0.83782797, 0.76479963],
        [0.7818017 , 0.58014363],
        [1.        , 0.75      ],
        [1.        , 0.5       ]],

       [[0.62359953, 0.22794287],
        [0.68074413, 0.41970635],
        [0.49541325, 0.31519935],
        [0.49592129, 0.49379152]],

       [[0.30641017, 0.41891218],
        [0.36671894, 0.22386365],
        [0.49592129, 0.49379152],
        [0.49541325, 0.31519935]],

       [[0.62359953, 0.22794287],
        [0.82341592, 0.18278211],
        [0.68074413, 0.41970635],
        [0.83472002, 0.36749615]],

       [[0.83782797, 0.76479963],
        [0.71431293, 0.82270356],
        [0.7818017 , 0.58014363],
        [0.63002644, 0.6375102 ]],

       [[0.21694446, 0.59326755],
        [0.        , 0.5       ],
        [0.30641017, 0.41891218],
        [0.15453763, 0.36210185]],

       [[0.30641017, 0.41891218],
        [0.49592129, 0.49379152],
        [0.21694446, 0.59326755],
        [0.38534186, 0.6857371 ]],

       [[0.17602583, 0.76842093],
        [0.21694446, 0.59326755],
        [0.32888457, 0.85398126],
        [0.38534186, 0.6857371 ]],

       [[0.        , 0.5       ],
        [0.        , 0.25      ],
        [0.15453763, 0.36210185],
        [0.16878791, 0.18519744]],

       [[0.        , 0.5       ],
        [0.21694446, 0.59326755],
        [0.        , 0.75      ],
        [0.17602583, 0.76842093]],

       [[1.        , 0.5       ],
        [0.83472002, 0.36749615],
        [1.        , 0.25      ],
        [0.82341592, 0.18278211]],

       [[0.5       , 0.        ],
        [0.36671894, 0.22386365],
        [0.25      , 0.        ],
        [0.16878791, 0.18519744]],

       [[0.63002644, 0.6375102 ],
        [0.49592129, 0.49379152],
        [0.7818017 , 0.58014363],
        [0.68074413, 0.41970635]],

       [[0.        , 1.        ],
        [0.        , 0.75      ],
        [0.25      , 1.        ],
        [0.17602583, 0.76842093]],

       [[0.38534186, 0.6857371 ],
        [0.49592129, 0.49379152],
        [0.52285327, 0.80110305],
        [0.63002644, 0.6375102 ]],

       [[1.        , 0.5       ],
        [0.7818017 , 0.58014363],
        [0.83472002, 0.36749615],
        [0.68074413, 0.41970635]],

       [[0.62359953, 0.22794287],
        [0.5       , 0.        ],
        [0.82341592, 0.18278211],
        [0.75      , 0.        ]],

       [[0.5       , 0.        ],
        [0.62359953, 0.22794287],
        [0.36671894, 0.22386365],
        [0.49541325, 0.31519935]],

       [[0.38534186, 0.6857371 ],
        [0.52285327, 0.80110305],
        [0.32888457, 0.85398126],
        [0.5       , 1.        ]],

       [[0.71431293, 0.82270356],
        [0.75      , 1.        ],
        [0.52285327, 0.80110305],
        [0.5       , 1.        ]],

       [[0.15453763, 0.36210185],
        [0.16878791, 0.18519744],
        [0.30641017, 0.41891218],
        [0.36671894, 0.22386365]],

       [[0.83782797, 0.76479963],
        [1.        , 1.        ],
        [0.71431293, 0.82270356],
        [0.75      , 1.        ]]]),
                              'tri': array([[[0.32888457, 0.85398126],
        [0.25      , 1.        ],
        [0.17602583, 0.76842093]],

       [[0.71431293, 0.82270356],
        [0.52285327, 0.80110305],
        [0.63002644, 0.6375102 ]],

       [[0.82341592, 0.18278211],
        [0.75      , 0.        ],
        [1.        , 0.        ]],

       [[0.5       , 1.        ],
        [0.25      , 1.        ],
        [0.32888457, 0.85398126]],

       [[0.        , 0.        ],
        [0.16878791, 0.18519744],
        [0.        , 0.25      ]],

       [[1.        , 1.        ],
        [0.83782797, 0.76479963],
        [1.        , 0.75      ]],

       [[0.16878791, 0.18519744],
        [0.        , 0.        ],
        [0.25      , 0.        ]],

       [[0.82341592, 0.18278211],
        [1.        , 0.        ],
        [1.        , 0.25      ]]])},
                        spts_nodes={'quad': array([[18, 28, 11, 10],
       [26, 29, 27, 31],
       [22, 21, 31, 27],
       [26, 16, 29, 30],
       [18, 19, 28, 32],
       [34,  2, 22, 20],
       [22, 31, 34, 24],
       [33, 34, 25, 24],
       [ 2,  3, 20, 17],
       [ 2, 34,  1, 33],
       [10, 30,  9, 16],
       [ 6, 21,  5, 17],
       [32, 31, 28, 29],
       [ 0,  1, 15, 33],
       [24, 31, 23, 32],
       [10, 28, 30, 29],
       [26,  6, 16,  7],
       [ 6, 26, 21, 27],
       [24, 23, 25, 14],
       [19, 13, 23, 14],
       [20, 17, 22, 21],
       [18, 12, 19, 13]]),
                                    'tri': array([[25, 15, 33],
       [19, 23, 32],
       [16,  7,  8],
       [14, 15, 25],
       [ 4, 17,  3],
       [12, 18, 11],
       [17,  4,  5],
       [16,  8,  9]])},
                        spts_curved={'quad': array([False, False, False, False, False, False, False, False, False,
       False, False, False, False, False, False, False, False, False,
       False, False, False, False]),
                                     'tri': array([False, False, False, False, False, False, False, False])})}
[Rank 0] {0: _SubPartitionedMesh(etypes=['quad', 'tri'],
                        eidxs_base={'quad': array([ 0,  1,  2,  3,  4,  5,  6,  7,  8,  9, 10, 11, 12, 13, 14, 15, 16,
       17, 18, 19, 20, 21]),
                                    'tri': array([0, 1, 2, 3, 4, 5, 6, 7])},
                        eidxs={'quad': array([ 0,  1,  2,  3,  4,  5,  6,  7,  8,  9, 10, 11, 12, 13, 14, 15, 16,
       17, 18, 19, 20, 21]),
                               'tri': array([0, 1, 2, 3, 4, 5, 6, 7])},
                        conn=array([[ 0,  0,  0,  0,  0,  3,  1],
       [ 0,  0,  1,  0,  1, 13,  2],
       [ 0,  0,  2,  0,  1,  7,  3],
       [ 0,  1,  0,  0,  1, 19,  3],
       [ 0,  1,  1,  0,  1, 14,  2],
       [ 0,  1,  2,  0,  1,  4,  1],
       [ 0,  2,  0,  0,  1, 16,  2],
       [ 0,  2,  1, -1, -1, -1,  0],
       [ 0,  2,  2,  0,  0,  7,  0],
       [ 0,  3,  0, -1, -1, -1,  3],
       [ 0,  3,  1,  0,  0,  0,  0],
       [ 0,  3,  2,  0,  1, 18,  2],
       [ 0,  4,  0,  0,  0,  6,  0],
       [ 0,  4,  1,  0,  1,  8,  1],
       [ 0,  4,  2, -1, -1, -1,  1],
       [ 0,  5,  0,  0,  1, 21,  0],
       [ 0,  5,  1,  0,  1,  0,  3],
       [ 0,  5,  2, -1, -1, -1,  2],
       [ 0,  6,  0,  0,  0,  4,  0],
       [ 0,  6,  1, -1, -1, -1,  0],
       [ 0,  6,  2,  0,  1, 11,  2],
       [ 0,  7,  0,  0,  0,  2,  2],
       [ 0,  7,  1, -1, -1, -1,  2],
       [ 0,  7,  2,  0,  1, 10,  2],
       [ 1,  0,  0,  0,  1,  4,  3],
       [ 1,  0,  1,  0,  1, 15,  0],
       [ 1,  0,  2, -1, -1, -1,  2],
       [ 1,  0,  3,  0,  0,  5,  1],
       [ 1,  1,  0,  0,  1,  3,  3],
       [ 1,  1,  1,  0,  1, 12,  1],
       [ 1,  1,  2,  0,  1,  2,  2],
       [ 1,  1,  3,  0,  1, 17,  1],
       [ 1,  2,  0,  0,  1, 20,  2],
       [ 1,  2,  1,  0,  1, 17,  2],
       [ 1,  2,  2,  0,  1,  1,  2],
       [ 1,  2,  3,  0,  1,  6,  0],
       [ 1,  3,  0,  0,  1, 16,  3],
       [ 1,  3,  1,  0,  1, 10,  1],
       [ 1,  3,  2,  0,  1, 15,  2],
       [ 1,  3,  3,  0,  1,  1,  0],
       [ 1,  4,  0,  0,  1, 21,  3],
       [ 1,  4,  1,  0,  0,  1,  2],
       [ 1,  4,  2,  0,  1, 12,  3],
       [ 1,  4,  3,  0,  1,  0,  0],
       [ 1,  5,  0,  0,  1,  9,  0],
       [ 1,  5,  1,  0,  1,  8,  3],
       [ 1,  5,  2,  0,  1, 20,  3],
       [ 1,  5,  3,  0,  1,  6,  3],
       [ 1,  6,  0,  0,  1,  2,  3],
       [ 1,  6,  1,  0,  1, 14,  0],
       [ 1,  6,  2,  0,  1,  7,  1],
       [ 1,  6,  3,  0,  1,  5,  3],
       [ 1,  7,  0,  0,  1,  9,  1],
       [ 1,  7,  1,  0,  1,  6,  2],
       [ 1,  7,  2,  0,  1, 18,  3],
       [ 1,  7,  3,  0,  0,  0,  2],
       [ 1,  8,  0, -1, -1, -1,  1],
       [ 1,  8,  1,  0,  0,  4,  1],
       [ 1,  8,  2,  0,  1, 20,  0],
       [ 1,  8,  3,  0,  1,  5,  1],
       [ 1,  9,  0,  0,  1,  5,  0],
       [ 1,  9,  1,  0,  1,  7,  0],
       [ 1,  9,  2,  0,  1, 13,  1],
       [ 1,  9,  3, -1, -1, -1,  1],
       [ 1, 10,  0,  0,  1, 15,  3],
       [ 1, 10,  1,  0,  1,  3,  1],
       [ 1, 10,  2,  0,  0,  7,  2],
       [ 1, 10,  3, -1, -1, -1,  2],
       [ 1, 11,  0,  0,  1, 17,  3],
       [ 1, 11,  1,  0,  1, 20,  1],
       [ 1, 11,  2,  0,  0,  6,  2],
       [ 1, 11,  3, -1, -1, -1,  0],
       [ 1, 12,  0,  0,  1, 14,  1],
       [ 1, 12,  1,  0,  1,  1,  1],
       [ 1, 12,  2,  0,  1, 15,  1],
       [ 1, 12,  3,  0,  1,  4,  2],
       [ 1, 13,  0, -1, -1, -1,  1],
       [ 1, 13,  1,  0,  1,  9,  2],
       [ 1, 13,  2,  0,  0,  0,  1],
       [ 1, 13,  3, -1, -1, -1,  3],
       [ 1, 14,  0,  0,  1,  6,  1],
       [ 1, 14,  1,  0,  1, 12,  0],
       [ 1, 14,  2,  0,  0,  1,  1],
       [ 1, 14,  3,  0,  1, 18,  0],
       [ 1, 15,  0,  0,  1,  0,  1],
       [ 1, 15,  1,  0,  1, 12,  2],
       [ 1, 15,  2,  0,  1,  3,  2],
       [ 1, 15,  3,  0,  1, 10,  0],
       [ 1, 16,  0,  0,  1, 17,  0],
       [ 1, 16,  1, -1, -1, -1,  0],
       [ 1, 16,  2,  0,  0,  2,  0],
       [ 1, 16,  3,  0,  1,  3,  0],
       [ 1, 17,  0,  0,  1, 16,  0],
       [ 1, 17,  1,  0,  1,  1,  3],
       [ 1, 17,  2,  0,  1,  2,  1],
       [ 1, 17,  3,  0,  1, 11,  0],
       [ 1, 18,  0,  0,  1, 14,  3],
       [ 1, 18,  1,  0,  1, 19,  2],
       [ 1, 18,  2,  0,  0,  3,  2],
       [ 1, 18,  3,  0,  1,  7,  2],
       [ 1, 19,  0,  0,  1, 21,  2],
       [ 1, 19,  1, -1, -1, -1,  3],
       [ 1, 19,  2,  0,  1, 18,  1],
       [ 1, 19,  3,  0,  0,  1,  0],
       [ 1, 20,  0,  0,  1,  8,  2],
       [ 1, 20,  1,  0,  1, 11,  1],
       [ 1, 20,  2,  0,  1,  2,  0],
       [ 1, 20,  3,  0,  1,  5,  2],
       [ 1, 21,  0,  0,  0,  5,  0],
       [ 1, 21,  1, -1, -1, -1,  3],
       [ 1, 21,  2,  0,  1, 19,  0],
       [ 1, 21,  3,  0,  1,  4,  0]]),
                        spts={'quad': array([[[0.83782797, 0.76479963],
        [0.7818017 , 0.58014363],
        [1.        , 0.75      ],
        [1.        , 0.5       ]],

       [[0.62359953, 0.22794287],
        [0.68074413, 0.41970635],
        [0.49541325, 0.31519935],
        [0.49592129, 0.49379152]],

       [[0.30641017, 0.41891218],
        [0.36671894, 0.22386365],
        [0.49592129, 0.49379152],
        [0.49541325, 0.31519935]],

       [[0.62359953, 0.22794287],
        [0.82341592, 0.18278211],
        [0.68074413, 0.41970635],
        [0.83472002, 0.36749615]],

       [[0.83782797, 0.76479963],
        [0.71431293, 0.82270356],
        [0.7818017 , 0.58014363],
        [0.63002644, 0.6375102 ]],

       [[0.21694446, 0.59326755],
        [0.        , 0.5       ],
        [0.30641017, 0.41891218],
        [0.15453763, 0.36210185]],

       [[0.30641017, 0.41891218],
        [0.49592129, 0.49379152],
        [0.21694446, 0.59326755],
        [0.38534186, 0.6857371 ]],

       [[0.17602583, 0.76842093],
        [0.21694446, 0.59326755],
        [0.32888457, 0.85398126],
        [0.38534186, 0.6857371 ]],

       [[0.        , 0.5       ],
        [0.        , 0.25      ],
        [0.15453763, 0.36210185],
        [0.16878791, 0.18519744]],

       [[0.        , 0.5       ],
        [0.21694446, 0.59326755],
        [0.        , 0.75      ],
        [0.17602583, 0.76842093]],

       [[1.        , 0.5       ],
        [0.83472002, 0.36749615],
        [1.        , 0.25      ],
        [0.82341592, 0.18278211]],

       [[0.5       , 0.        ],
        [0.36671894, 0.22386365],
        [0.25      , 0.        ],
        [0.16878791, 0.18519744]],

       [[0.63002644, 0.6375102 ],
        [0.49592129, 0.49379152],
        [0.7818017 , 0.58014363],
        [0.68074413, 0.41970635]],

       [[0.        , 1.        ],
        [0.        , 0.75      ],
        [0.25      , 1.        ],
        [0.17602583, 0.76842093]],

       [[0.38534186, 0.6857371 ],
        [0.49592129, 0.49379152],
        [0.52285327, 0.80110305],
        [0.63002644, 0.6375102 ]],

       [[1.        , 0.5       ],
        [0.7818017 , 0.58014363],
        [0.83472002, 0.36749615],
        [0.68074413, 0.41970635]],

       [[0.62359953, 0.22794287],
        [0.5       , 0.        ],
        [0.82341592, 0.18278211],
        [0.75      , 0.        ]],

       [[0.5       , 0.        ],
        [0.62359953, 0.22794287],
        [0.36671894, 0.22386365],
        [0.49541325, 0.31519935]],

       [[0.38534186, 0.6857371 ],
        [0.52285327, 0.80110305],
        [0.32888457, 0.85398126],
        [0.5       , 1.        ]],

       [[0.71431293, 0.82270356],
        [0.75      , 1.        ],
        [0.52285327, 0.80110305],
        [0.5       , 1.        ]],

       [[0.15453763, 0.36210185],
        [0.16878791, 0.18519744],
        [0.30641017, 0.41891218],
        [0.36671894, 0.22386365]],

       [[0.83782797, 0.76479963],
        [1.        , 1.        ],
        [0.71431293, 0.82270356],
        [0.75      , 1.        ]]]),
                              'tri': array([[[0.32888457, 0.85398126],
        [0.25      , 1.        ],
        [0.17602583, 0.76842093]],

       [[0.71431293, 0.82270356],
        [0.52285327, 0.80110305],
        [0.63002644, 0.6375102 ]],

       [[0.82341592, 0.18278211],
        [0.75      , 0.        ],
        [1.        , 0.        ]],

       [[0.5       , 1.        ],
        [0.25      , 1.        ],
        [0.32888457, 0.85398126]],

       [[0.        , 0.        ],
        [0.16878791, 0.18519744],
        [0.        , 0.25      ]],

       [[1.        , 1.        ],
        [0.83782797, 0.76479963],
        [1.        , 0.75      ]],

       [[0.16878791, 0.18519744],
        [0.        , 0.        ],
        [0.25      , 0.        ]],

       [[0.82341592, 0.18278211],
        [1.        , 0.        ],
        [1.        , 0.25      ]]])},
                        spts_nodes={'quad': array([[18, 28, 11, 10],
       [26, 29, 27, 31],
       [22, 21, 31, 27],
       [26, 16, 29, 30],
       [18, 19, 28, 32],
       [34,  2, 22, 20],
       [22, 31, 34, 24],
       [33, 34, 25, 24],
       [ 2,  3, 20, 17],
       [ 2, 34,  1, 33],
       [10, 30,  9, 16],
       [ 6, 21,  5, 17],
       [32, 31, 28, 29],
       [ 0,  1, 15, 33],
       [24, 31, 23, 32],
       [10, 28, 30, 29],
       [26,  6, 16,  7],
       [ 6, 26, 21, 27],
       [24, 23, 25, 14],
       [19, 13, 23, 14],
       [20, 17, 22, 21],
       [18, 12, 19, 13]]),
                                    'tri': array([[25, 15, 33],
       [19, 23, 32],
       [16,  7,  8],
       [14, 15, 25],
       [ 4, 17,  3],
       [12, 18, 11],
       [17,  4,  5],
       [16,  8,  9]])},
                        spts_curved={'quad': array([False, False, False, False, False, False, False, False, False,
       False, False, False, False, False, False, False, False, False,
       False, False, False, False]),
                                     'tri': array([False, False, False, False, False, False, False, False])})}
[Rank 0] {0: _SubPartitionedMesh(etypes=['quad', 'tri'],
                        eidxs_base={'quad': array([ 0,  1,  2,  3,  4,  5,  6,  7,  8,  9, 10, 11, 12, 13, 14, 15, 16,
       17, 18, 19, 20, 21]),
                                    'tri': array([0, 1, 2, 3, 4, 5, 6, 7])},
                        eidxs={'quad': array([ 0,  1,  2,  3,  4,  5,  6,  7,  8,  9, 10, 11, 12, 13, 14, 15, 16,
       17, 18, 19, 20, 21]),
                               'tri': array([0, 1, 2, 3, 4, 5, 6, 7])},
                        conn=array([[ 0,  0,  0,  0,  0,  3,  1],
       [ 0,  0,  1,  0,  1, 13,  2],
       [ 0,  0,  2,  0,  1,  7,  3],
       [ 0,  1,  0,  0,  1, 19,  3],
       [ 0,  1,  1,  0,  1, 14,  2],
       [ 0,  1,  2,  0,  1,  4,  1],
       [ 0,  2,  0,  0,  1, 16,  2],
       [ 0,  2,  1, -1, -1, -1,  0],
       [ 0,  2,  2,  0,  0,  7,  0],
       [ 0,  3,  0, -1, -1, -1,  3],
       [ 0,  3,  1,  0,  0,  0,  0],
       [ 0,  3,  2,  0,  1, 18,  2],
       [ 0,  4,  0,  0,  0,  6,  0],
       [ 0,  4,  1,  0,  1,  8,  1],
       [ 0,  4,  2, -1, -1, -1,  1],
       [ 0,  5,  0,  0,  1, 21,  0],
       [ 0,  5,  1,  0,  1,  0,  3],
       [ 0,  5,  2, -1, -1, -1,  2],
       [ 0,  6,  0,  0,  0,  4,  0],
       [ 0,  6,  1, -1, -1, -1,  0],
       [ 0,  6,  2,  0,  1, 11,  2],
       [ 0,  7,  0,  0,  0,  2,  2],
       [ 0,  7,  1, -1, -1, -1,  2],
       [ 0,  7,  2,  0,  1, 10,  2],
       [ 1,  0,  0,  0,  1,  4,  3],
       [ 1,  0,  1,  0,  1, 15,  0],
       [ 1,  0,  2, -1, -1, -1,  2],
       [ 1,  0,  3,  0,  0,  5,  1],
       [ 1,  1,  0,  0,  1,  3,  3],
       [ 1,  1,  1,  0,  1, 12,  1],
       [ 1,  1,  2,  0,  1,  2,  2],
       [ 1,  1,  3,  0,  1, 17,  1],
       [ 1,  2,  0,  0,  1, 20,  2],
       [ 1,  2,  1,  0,  1, 17,  2],
       [ 1,  2,  2,  0,  1,  1,  2],
       [ 1,  2,  3,  0,  1,  6,  0],
       [ 1,  3,  0,  0,  1, 16,  3],
       [ 1,  3,  1,  0,  1, 10,  1],
       [ 1,  3,  2,  0,  1, 15,  2],
       [ 1,  3,  3,  0,  1,  1,  0],
       [ 1,  4,  0,  0,  1, 21,  3],
       [ 1,  4,  1,  0,  0,  1,  2],
       [ 1,  4,  2,  0,  1, 12,  3],
       [ 1,  4,  3,  0,  1,  0,  0],
       [ 1,  5,  0,  0,  1,  9,  0],
       [ 1,  5,  1,  0,  1,  8,  3],
       [ 1,  5,  2,  0,  1, 20,  3],
       [ 1,  5,  3,  0,  1,  6,  3],
       [ 1,  6,  0,  0,  1,  2,  3],
       [ 1,  6,  1,  0,  1, 14,  0],
       [ 1,  6,  2,  0,  1,  7,  1],
       [ 1,  6,  3,  0,  1,  5,  3],
       [ 1,  7,  0,  0,  1,  9,  1],
       [ 1,  7,  1,  0,  1,  6,  2],
       [ 1,  7,  2,  0,  1, 18,  3],
       [ 1,  7,  3,  0,  0,  0,  2],
       [ 1,  8,  0, -1, -1, -1,  1],
       [ 1,  8,  1,  0,  0,  4,  1],
       [ 1,  8,  2,  0,  1, 20,  0],
       [ 1,  8,  3,  0,  1,  5,  1],
       [ 1,  9,  0,  0,  1,  5,  0],
       [ 1,  9,  1,  0,  1,  7,  0],
       [ 1,  9,  2,  0,  1, 13,  1],
       [ 1,  9,  3, -1, -1, -1,  1],
       [ 1, 10,  0,  0,  1, 15,  3],
       [ 1, 10,  1,  0,  1,  3,  1],
       [ 1, 10,  2,  0,  0,  7,  2],
       [ 1, 10,  3, -1, -1, -1,  2],
       [ 1, 11,  0,  0,  1, 17,  3],
       [ 1, 11,  1,  0,  1, 20,  1],
       [ 1, 11,  2,  0,  0,  6,  2],
       [ 1, 11,  3, -1, -1, -1,  0],
       [ 1, 12,  0,  0,  1, 14,  1],
       [ 1, 12,  1,  0,  1,  1,  1],
       [ 1, 12,  2,  0,  1, 15,  1],
       [ 1, 12,  3,  0,  1,  4,  2],
       [ 1, 13,  0, -1, -1, -1,  1],
       [ 1, 13,  1,  0,  1,  9,  2],
       [ 1, 13,  2,  0,  0,  0,  1],
       [ 1, 13,  3, -1, -1, -1,  3],
       [ 1, 14,  0,  0,  1,  6,  1],
       [ 1, 14,  1,  0,  1, 12,  0],
       [ 1, 14,  2,  0,  0,  1,  1],
       [ 1, 14,  3,  0,  1, 18,  0],
       [ 1, 15,  0,  0,  1,  0,  1],
       [ 1, 15,  1,  0,  1, 12,  2],
       [ 1, 15,  2,  0,  1,  3,  2],
       [ 1, 15,  3,  0,  1, 10,  0],
       [ 1, 16,  0,  0,  1, 17,  0],
       [ 1, 16,  1, -1, -1, -1,  0],
       [ 1, 16,  2,  0,  0,  2,  0],
       [ 1, 16,  3,  0,  1,  3,  0],
       [ 1, 17,  0,  0,  1, 16,  0],
       [ 1, 17,  1,  0,  1,  1,  3],
       [ 1, 17,  2,  0,  1,  2,  1],
       [ 1, 17,  3,  0,  1, 11,  0],
       [ 1, 18,  0,  0,  1, 14,  3],
       [ 1, 18,  1,  0,  1, 19,  2],
       [ 1, 18,  2,  0,  0,  3,  2],
       [ 1, 18,  3,  0,  1,  7,  2],
       [ 1, 19,  0,  0,  1, 21,  2],
       [ 1, 19,  1, -1, -1, -1,  3],
       [ 1, 19,  2,  0,  1, 18,  1],
       [ 1, 19,  3,  0,  0,  1,  0],
       [ 1, 20,  0,  0,  1,  8,  2],
       [ 1, 20,  1,  0,  1, 11,  1],
       [ 1, 20,  2,  0,  1,  2,  0],
       [ 1, 20,  3,  0,  1,  5,  2],
       [ 1, 21,  0,  0,  0,  5,  0],
       [ 1, 21,  1, -1, -1, -1,  3],
       [ 1, 21,  2,  0,  1, 19,  0],
       [ 1, 21,  3,  0,  1,  4,  0]]),
                        spts={'quad': array([[[0.83782797, 0.76479963],
        [0.7818017 , 0.58014363],
        [1.        , 0.75      ],
        [1.        , 0.5       ]],

       [[0.62359953, 0.22794287],
        [0.68074413, 0.41970635],
        [0.49541325, 0.31519935],
        [0.49592129, 0.49379152]],

       [[0.30641017, 0.41891218],
        [0.36671894, 0.22386365],
        [0.49592129, 0.49379152],
        [0.49541325, 0.31519935]],

       [[0.62359953, 0.22794287],
        [0.82341592, 0.18278211],
        [0.68074413, 0.41970635],
        [0.83472002, 0.36749615]],

       [[0.83782797, 0.76479963],
        [0.71431293, 0.82270356],
        [0.7818017 , 0.58014363],
        [0.63002644, 0.6375102 ]],

       [[0.21694446, 0.59326755],
        [0.        , 0.5       ],
        [0.30641017, 0.41891218],
        [0.15453763, 0.36210185]],

       [[0.30641017, 0.41891218],
        [0.49592129, 0.49379152],
        [0.21694446, 0.59326755],
        [0.38534186, 0.6857371 ]],

       [[0.17602583, 0.76842093],
        [0.21694446, 0.59326755],
        [0.32888457, 0.85398126],
        [0.38534186, 0.6857371 ]],

       [[0.        , 0.5       ],
        [0.        , 0.25      ],
        [0.15453763, 0.36210185],
        [0.16878791, 0.18519744]],

       [[0.        , 0.5       ],
        [0.21694446, 0.59326755],
        [0.        , 0.75      ],
        [0.17602583, 0.76842093]],

       [[1.        , 0.5       ],
        [0.83472002, 0.36749615],
        [1.        , 0.25      ],
        [0.82341592, 0.18278211]],

       [[0.5       , 0.        ],
        [0.36671894, 0.22386365],
        [0.25      , 0.        ],
        [0.16878791, 0.18519744]],

       [[0.63002644, 0.6375102 ],
        [0.49592129, 0.49379152],
        [0.7818017 , 0.58014363],
        [0.68074413, 0.41970635]],

       [[0.        , 1.        ],
        [0.        , 0.75      ],
        [0.25      , 1.        ],
        [0.17602583, 0.76842093]],

       [[0.38534186, 0.6857371 ],
        [0.49592129, 0.49379152],
        [0.52285327, 0.80110305],
        [0.63002644, 0.6375102 ]],

       [[1.        , 0.5       ],
        [0.7818017 , 0.58014363],
        [0.83472002, 0.36749615],
        [0.68074413, 0.41970635]],

       [[0.62359953, 0.22794287],
        [0.5       , 0.        ],
        [0.82341592, 0.18278211],
        [0.75      , 0.        ]],

       [[0.5       , 0.        ],
        [0.62359953, 0.22794287],
        [0.36671894, 0.22386365],
        [0.49541325, 0.31519935]],

       [[0.38534186, 0.6857371 ],
        [0.52285327, 0.80110305],
        [0.32888457, 0.85398126],
        [0.5       , 1.        ]],

       [[0.71431293, 0.82270356],
        [0.75      , 1.        ],
        [0.52285327, 0.80110305],
        [0.5       , 1.        ]],

       [[0.15453763, 0.36210185],
        [0.16878791, 0.18519744],
        [0.30641017, 0.41891218],
        [0.36671894, 0.22386365]],

       [[0.83782797, 0.76479963],
        [1.        , 1.        ],
        [0.71431293, 0.82270356],
        [0.75      , 1.        ]]]),
                              'tri': array([[[0.32888457, 0.85398126],
        [0.25      , 1.        ],
        [0.17602583, 0.76842093]],

       [[0.71431293, 0.82270356],
        [0.52285327, 0.80110305],
        [0.63002644, 0.6375102 ]],

       [[0.82341592, 0.18278211],
        [0.75      , 0.        ],
        [1.        , 0.        ]],

       [[0.5       , 1.        ],
        [0.25      , 1.        ],
        [0.32888457, 0.85398126]],

       [[0.        , 0.        ],
        [0.16878791, 0.18519744],
        [0.        , 0.25      ]],

       [[1.        , 1.        ],
        [0.83782797, 0.76479963],
        [1.        , 0.75      ]],

       [[0.16878791, 0.18519744],
        [0.        , 0.        ],
        [0.25      , 0.        ]],

       [[0.82341592, 0.18278211],
        [1.        , 0.        ],
        [1.        , 0.25      ]]])},
                        spts_nodes={'quad': array([[18, 28, 11, 10],
       [26, 29, 27, 31],
       [22, 21, 31, 27],
       [26, 16, 29, 30],
       [18, 19, 28, 32],
       [34,  2, 22, 20],
       [22, 31, 34, 24],
       [33, 34, 25, 24],
       [ 2,  3, 20, 17],
       [ 2, 34,  1, 33],
       [10, 30,  9, 16],
       [ 6, 21,  5, 17],
       [32, 31, 28, 29],
       [ 0,  1, 15, 33],
       [24, 31, 23, 32],
       [10, 28, 30, 29],
       [26,  6, 16,  7],
       [ 6, 26, 21, 27],
       [24, 23, 25, 14],
       [19, 13, 23, 14],
       [20, 17, 22, 21],
       [18, 12, 19, 13]]),
                                    'tri': array([[25, 15, 33],
       [19, 23, 32],
       [16,  7,  8],
       [14, 15, 25],
       [ 4, 17,  3],
       [12, 18, 11],
       [17,  4,  5],
       [16,  8,  9]])},
                        spts_curved={'quad': array([False, False, False, False, False, False, False, False, False,
       False, False, False, False, False, False, False, False, False,
       False, False, False, False]),
                                     'tri': array([False, False, False, False, False, False, False, False])})}
[Rank 0] {0: _SubPartitionedMesh(etypes=['quad', 'tri'],
                        eidxs_base={'quad': array([ 1, 14, 15, 18,  0,  4, 12, 19, 21]),
                                    'tri': array([3, 1, 5])},
                        eidxs={'quad': array([ 1, 14, 15, 18,  0,  4, 12, 19, 21]),
                               'tri': array([3, 1, 5])},
                        conn=array([[ 0,  1,  0,  0,  1, 19,  3],
       [ 0,  1,  1,  0,  1, 14,  2],
       [ 0,  1,  2,  0,  1,  4,  1],
       [ 0,  3,  0, -1, -1, -1,  3],
       [ 0,  3,  1,  1,  0,  0,  0],
       [ 0,  3,  2,  0,  1, 18,  2],
       [ 0,  5,  0,  0,  1, 21,  0],
       [ 0,  5,  1,  0,  1,  0,  3],
       [ 0,  5,  2, -1, -1, -1,  2],
       [ 1,  0,  0,  0,  1,  4,  3],
       [ 1,  0,  1,  0,  1, 15,  0],
       [ 1,  0,  2, -1, -1, -1,  2],
       [ 1,  0,  3,  0,  0,  5,  1],
       [ 1,  1,  0,  2,  1,  3,  3],
       [ 1,  1,  1,  0,  1, 12,  1],
       [ 1,  1,  2,  1,  1,  2,  2],
       [ 1,  1,  3,  1,  1, 17,  1],
       [ 1,  4,  0,  0,  1, 21,  3],
       [ 1,  4,  1,  0,  0,  1,  2],
       [ 1,  4,  2,  0,  1, 12,  3],
       [ 1,  4,  3,  0,  1,  0,  0],
       [ 1, 12,  0,  0,  1, 14,  1],
       [ 1, 12,  1,  0,  1,  1,  1],
       [ 1, 12,  2,  0,  1, 15,  1],
       [ 1, 12,  3,  0,  1,  4,  2],
       [ 1, 14,  0,  1,  1,  6,  1],
       [ 1, 14,  1,  0,  1, 12,  0],
       [ 1, 14,  2,  0,  0,  1,  1],
       [ 1, 14,  3,  0,  1, 18,  0],
       [ 1, 15,  0,  0,  1,  0,  1],
       [ 1, 15,  1,  0,  1, 12,  2],
       [ 1, 15,  2,  2,  1,  3,  2],
       [ 1, 15,  3,  2,  1, 10,  0],
       [ 1, 18,  0,  0,  1, 14,  3],
       [ 1, 18,  1,  0,  1, 19,  2],
       [ 1, 18,  2,  0,  0,  3,  2],
       [ 1, 18,  3,  1,  1,  7,  2],
       [ 1, 19,  0,  0,  1, 21,  2],
       [ 1, 19,  1, -1, -1, -1,  3],
       [ 1, 19,  2,  0,  1, 18,  1],
       [ 1, 19,  3,  0,  0,  1,  0],
       [ 1, 21,  0,  0,  0,  5,  0],
       [ 1, 21,  1, -1, -1, -1,  3],
       [ 1, 21,  2,  0,  1, 19,  0],
       [ 1, 21,  3,  0,  1,  4,  0]]),
                        spts={'quad': array([[[0.62359953, 0.22794287],
        [0.68074413, 0.41970635],
        [0.49541325, 0.31519935],
        [0.49592129, 0.49379152]],

       [[0.38534186, 0.6857371 ],
        [0.49592129, 0.49379152],
        [0.52285327, 0.80110305],
        [0.63002644, 0.6375102 ]],

       [[1.        , 0.5       ],
        [0.7818017 , 0.58014363],
        [0.83472002, 0.36749615],
        [0.68074413, 0.41970635]],

       [[0.38534186, 0.6857371 ],
        [0.52285327, 0.80110305],
        [0.32888457, 0.85398126],
        [0.5       , 1.        ]],

       [[0.83782797, 0.76479963],
        [0.7818017 , 0.58014363],
        [1.        , 0.75      ],
        [1.        , 0.5       ]],

       [[0.83782797, 0.76479963],
        [0.71431293, 0.82270356],
        [0.7818017 , 0.58014363],
        [0.63002644, 0.6375102 ]],

       [[0.63002644, 0.6375102 ],
        [0.49592129, 0.49379152],
        [0.7818017 , 0.58014363],
        [0.68074413, 0.41970635]],

       [[0.71431293, 0.82270356],
        [0.75      , 1.        ],
        [0.52285327, 0.80110305],
        [0.5       , 1.        ]],

       [[0.83782797, 0.76479963],
        [1.        , 1.        ],
        [0.71431293, 0.82270356],
        [0.75      , 1.        ]]]),
                              'tri': array([[[0.5       , 1.        ],
        [0.25      , 1.        ],
        [0.32888457, 0.85398126]],

       [[0.71431293, 0.82270356],
        [0.52285327, 0.80110305],
        [0.63002644, 0.6375102 ]],

       [[1.        , 1.        ],
        [0.83782797, 0.76479963],
        [1.        , 0.75      ]]])},
                        spts_nodes={'quad': array([[26, 29, 27, 31],
       [24, 31, 23, 32],
       [10, 28, 30, 29],
       [24, 23, 25, 14],
       [18, 28, 11, 10],
       [18, 19, 28, 32],
       [32, 31, 28, 29],
       [19, 13, 23, 14],
       [18, 12, 19, 13]]),
                                    'tri': array([[14, 15, 25],
       [19, 23, 32],
       [12, 18, 11]])},
                        spts_curved={'quad': array([False, False, False, False, False, False, False, False, False]),
                                     'tri': array([False, False, False])})}
[Rank 0] {0: _SubPartitionedMesh(etypes=['quad', 'tri'],
                        eidxs_base={'quad': array([ 1, 14, 15, 18,  0,  4, 12, 19, 21]),
                                    'tri': array([3, 1, 5])},
                        eidxs={'quad': array([ 1, 14, 15, 18,  0,  4, 12, 19, 21]),
                               'tri': array([3, 1, 5])},
                        conn=array([[ 0,  1,  0,  0,  1, 19,  3],
       [ 0,  1,  1,  0,  1, 14,  2],
       [ 0,  1,  2,  0,  1,  4,  1],
       [ 0,  3,  0, -1, -1, -1,  3],
       [ 0,  3,  1,  1,  0,  0,  0],
       [ 0,  3,  2,  0,  1, 18,  2],
       [ 0,  5,  0,  0,  1, 21,  0],
       [ 0,  5,  1,  0,  1,  0,  3],
       [ 0,  5,  2, -1, -1, -1,  2],
       [ 1,  0,  0,  0,  1,  4,  3],
       [ 1,  0,  1,  0,  1, 15,  0],
       [ 1,  0,  2, -1, -1, -1,  2],
       [ 1,  0,  3,  0,  0,  5,  1],
       [ 1,  1,  0,  2,  1,  3,  3],
       [ 1,  1,  1,  0,  1, 12,  1],
       [ 1,  1,  2,  1,  1,  2,  2],
       [ 1,  1,  3,  1,  1, 17,  1],
       [ 1,  4,  0,  0,  1, 21,  3],
       [ 1,  4,  1,  0,  0,  1,  2],
       [ 1,  4,  2,  0,  1, 12,  3],
       [ 1,  4,  3,  0,  1,  0,  0],
       [ 1, 12,  0,  0,  1, 14,  1],
       [ 1, 12,  1,  0,  1,  1,  1],
       [ 1, 12,  2,  0,  1, 15,  1],
       [ 1, 12,  3,  0,  1,  4,  2],
       [ 1, 14,  0,  1,  1,  6,  1],
       [ 1, 14,  1,  0,  1, 12,  0],
       [ 1, 14,  2,  0,  0,  1,  1],
       [ 1, 14,  3,  0,  1, 18,  0],
       [ 1, 15,  0,  0,  1,  0,  1],
       [ 1, 15,  1,  0,  1, 12,  2],
       [ 1, 15,  2,  2,  1,  3,  2],
       [ 1, 15,  3,  2,  1, 10,  0],
       [ 1, 18,  0,  0,  1, 14,  3],
       [ 1, 18,  1,  0,  1, 19,  2],
       [ 1, 18,  2,  0,  0,  3,  2],
       [ 1, 18,  3,  1,  1,  7,  2],
       [ 1, 19,  0,  0,  1, 21,  2],
       [ 1, 19,  1, -1, -1, -1,  3],
       [ 1, 19,  2,  0,  1, 18,  1],
       [ 1, 19,  3,  0,  0,  1,  0],
       [ 1, 21,  0,  0,  0,  5,  0],
       [ 1, 21,  1, -1, -1, -1,  3],
       [ 1, 21,  2,  0,  1, 19,  0],
       [ 1, 21,  3,  0,  1,  4,  0]]),
                        spts={'quad': array([[[0.62359953, 0.22794287],
        [0.68074413, 0.41970635],
        [0.49541325, 0.31519935],
        [0.49592129, 0.49379152]],

       [[0.38534186, 0.6857371 ],
        [0.49592129, 0.49379152],
        [0.52285327, 0.80110305],
        [0.63002644, 0.6375102 ]],

       [[1.        , 0.5       ],
        [0.7818017 , 0.58014363],
        [0.83472002, 0.36749615],
        [0.68074413, 0.41970635]],

       [[0.38534186, 0.6857371 ],
        [0.52285327, 0.80110305],
        [0.32888457, 0.85398126],
        [0.5       , 1.        ]],

       [[0.83782797, 0.76479963],
        [0.7818017 , 0.58014363],
        [1.        , 0.75      ],
        [1.        , 0.5       ]],

       [[0.83782797, 0.76479963],
        [0.71431293, 0.82270356],
        [0.7818017 , 0.58014363],
        [0.63002644, 0.6375102 ]],

       [[0.63002644, 0.6375102 ],
        [0.49592129, 0.49379152],
        [0.7818017 , 0.58014363],
        [0.68074413, 0.41970635]],

       [[0.71431293, 0.82270356],
        [0.75      , 1.        ],
        [0.52285327, 0.80110305],
        [0.5       , 1.        ]],

       [[0.83782797, 0.76479963],
        [1.        , 1.        ],
        [0.71431293, 0.82270356],
        [0.75      , 1.        ]]]),
                              'tri': array([[[0.5       , 1.        ],
        [0.25      , 1.        ],
        [0.32888457, 0.85398126]],

       [[0.71431293, 0.82270356],
        [0.52285327, 0.80110305],
        [0.63002644, 0.6375102 ]],

       [[1.        , 1.        ],
        [0.83782797, 0.76479963],
        [1.        , 0.75      ]]])},
                        spts_nodes={'quad': array([[26, 29, 27, 31],
       [24, 31, 23, 32],
       [10, 28, 30, 29],
       [24, 23, 25, 14],
       [18, 28, 11, 10],
       [18, 19, 28, 32],
       [32, 31, 28, 29],
       [19, 13, 23, 14],
       [18, 12, 19, 13]]),
                                    'tri': array([[14, 15, 25],
       [19, 23, 32],
       [12, 18, 11]])},
                        spts_curved={'quad': array([False, False, False, False, False, False, False, False, False]),
                                     'tri': array([False, False, False])})}
[Rank 0] {0: _SubPartitionedMesh(etypes=['quad', 'tri'],
                        eidxs_base={'quad': array([ 1, 14, 15, 18,  0,  4, 12, 19, 21]),
                                    'tri': array([3, 1, 5])},
                        eidxs={'quad': array([ 1, 14, 15, 18,  0,  4, 12, 19, 21]),
                               'tri': array([3, 1, 5])},
                        conn=array([[ 0,  1,  0,  0,  1, 19,  3],
       [ 0,  1,  1,  0,  1, 14,  2],
       [ 0,  1,  2,  0,  1,  4,  1],
       [ 0,  3,  0, -1, -1, -1,  3],
       [ 0,  3,  1,  1,  0,  0,  0],
       [ 0,  3,  2,  0,  1, 18,  2],
       [ 0,  5,  0,  0,  1, 21,  0],
       [ 0,  5,  1,  0,  1,  0,  3],
       [ 0,  5,  2, -1, -1, -1,  2],
       [ 1,  0,  0,  0,  1,  4,  3],
       [ 1,  0,  1,  0,  1, 15,  0],
       [ 1,  0,  2, -1, -1, -1,  2],
       [ 1,  0,  3,  0,  0,  5,  1],
       [ 1,  1,  0,  2,  1,  3,  3],
       [ 1,  1,  1,  0,  1, 12,  1],
       [ 1,  1,  2,  1,  1,  2,  2],
       [ 1,  1,  3,  1,  1, 17,  1],
       [ 1,  4,  0,  0,  1, 21,  3],
       [ 1,  4,  1,  0,  0,  1,  2],
       [ 1,  4,  2,  0,  1, 12,  3],
       [ 1,  4,  3,  0,  1,  0,  0],
       [ 1, 12,  0,  0,  1, 14,  1],
       [ 1, 12,  1,  0,  1,  1,  1],
       [ 1, 12,  2,  0,  1, 15,  1],
       [ 1, 12,  3,  0,  1,  4,  2],
       [ 1, 14,  0,  1,  1,  6,  1],
       [ 1, 14,  1,  0,  1, 12,  0],
       [ 1, 14,  2,  0,  0,  1,  1],
       [ 1, 14,  3,  0,  1, 18,  0],
       [ 1, 15,  0,  0,  1,  0,  1],
       [ 1, 15,  1,  0,  1, 12,  2],
       [ 1, 15,  2,  2,  1,  3,  2],
       [ 1, 15,  3,  2,  1, 10,  0],
       [ 1, 18,  0,  0,  1, 14,  3],
       [ 1, 18,  1,  0,  1, 19,  2],
       [ 1, 18,  2,  0,  0,  3,  2],
       [ 1, 18,  3,  1,  1,  7,  2],
       [ 1, 19,  0,  0,  1, 21,  2],
       [ 1, 19,  1, -1, -1, -1,  3],
       [ 1, 19,  2,  0,  1, 18,  1],
       [ 1, 19,  3,  0,  0,  1,  0],
       [ 1, 21,  0,  0,  0,  5,  0],
       [ 1, 21,  1, -1, -1, -1,  3],
       [ 1, 21,  2,  0,  1, 19,  0],
       [ 1, 21,  3,  0,  1,  4,  0]]),
                        spts={'quad': array([[[0.62359953, 0.22794287],
        [0.68074413, 0.41970635],
        [0.49541325, 0.31519935],
        [0.49592129, 0.49379152]],

       [[0.38534186, 0.6857371 ],
        [0.49592129, 0.49379152],
        [0.52285327, 0.80110305],
        [0.63002644, 0.6375102 ]],

       [[1.        , 0.5       ],
        [0.7818017 , 0.58014363],
        [0.83472002, 0.36749615],
        [0.68074413, 0.41970635]],

       [[0.38534186, 0.6857371 ],
        [0.52285327, 0.80110305],
        [0.32888457, 0.85398126],
        [0.5       , 1.        ]],

       [[0.83782797, 0.76479963],
        [0.7818017 , 0.58014363],
        [1.        , 0.75      ],
        [1.        , 0.5       ]],

       [[0.83782797, 0.76479963],
        [0.71431293, 0.82270356],
        [0.7818017 , 0.58014363],
        [0.63002644, 0.6375102 ]],

       [[0.63002644, 0.6375102 ],
        [0.49592129, 0.49379152],
        [0.7818017 , 0.58014363],
        [0.68074413, 0.41970635]],

       [[0.71431293, 0.82270356],
        [0.75      , 1.        ],
        [0.52285327, 0.80110305],
        [0.5       , 1.        ]],

       [[0.83782797, 0.76479963],
        [1.        , 1.        ],
        [0.71431293, 0.82270356],
        [0.75      , 1.        ]]]),
                              'tri': array([[[0.5       , 1.        ],
        [0.25      , 1.        ],
        [0.32888457, 0.85398126]],

       [[0.71431293, 0.82270356],
        [0.52285327, 0.80110305],
        [0.63002644, 0.6375102 ]],

       [[1.        , 1.        ],
        [0.83782797, 0.76479963],
        [1.        , 0.75      ]]])},
                        spts_nodes={'quad': array([[26, 29, 27, 31],
       [24, 31, 23, 32],
       [10, 28, 30, 29],
       [24, 23, 25, 14],
       [18, 28, 11, 10],
       [18, 19, 28, 32],
       [32, 31, 28, 29],
       [19, 13, 23, 14],
       [18, 12, 19, 13]]),
                                    'tri': array([[14, 15, 25],
       [19, 23, 32],
       [12, 18, 11]])},
                        spts_curved={'quad': array([False, False, False, False, False, False, False, False, False]),
                                     'tri': array([False, False, False])})}
